,index,consolidated_id,title_id,acquiring_power,cluster,number_of_cluster
0,0,GYsYeoAxKH8LCwgEAAAOR,GYsYeoAxKH8LCwgEAAAOR,17738758.0,1,7
1,1,GXKN_xQX5csPDwwEAAABj,GXKN_xQX5csPDwwEAAABj,19389835.0,3,7
2,2,GXr7SEgRi2sLCAAEAAAQu,GXr7SEgRi2sLCAAEAAAQu,13158816.0,6,7
3,3,GXdbR_gOXWJuAuwEAACVH,GXdbR_gOXWJuAuwEAACVH,11635267.0,3,7
4,4,GVU2cggagzYNJjhsJATwo,GVU2cggagzYNJjhsJATwo,15997434.0,1,7
5,5,GYiDbSAmIpMNvYAEAAAAI,GYiDbSAmIpMNvYAEAAAAI,16205823.0,7,7
6,6,GXkRjxwjR68PDwwEAABKJ,GXkRjxwjR68PDwwEAABKJ,11497910.0,6,7
7,7,GXdRsewUPO5uAuwEAABEI,GXdRsewUPO5uAuwEAABEI,9077039.0,3,7
8,8,GVU2cCgUFTYNJjhsJATuH,GVU2cCgUFTYNJjhsJATuH,5234244.0,2,7
9,9,GX5MHsQzwwIuLwgEAAACp,GX5MHsQzwwIuLwgEAAACp,12137908.0,2,7
10,10,GYbDO6QFHOsPCwgEAAAMR,GYbDO6QFHOsPCwgEAAAMR,5165286.0,2,7
11,11,GYb0FKQLsGIyPfQEAAAAM,GYb0FKQLsGIyPfQEAAAAM,9417136.0,5,7
12,12,GV7xwpQNK8MJfPwEAAAG_,GV7xwpQNK8MJfPwEAAAG_,8439306.0,1,7
13,13,GYdYmPQZFO7eZGAEAAAAT,GYdYmPQZFO7eZGAEAAAAT,8759774.0,5,7
14,14,GWmKDEwGrA8JInwEAAAL6,GWmKDEwGrA8JInwEAAAL6,5984132.0,2,7
15,15,GYij31wBohZA3MQEAAAKa,GYij31wBohZA3MQEAAAKa,9490771.0,5,7
16,16,GYZLijQsvoJKWWQEAAAB6,GYZLijQsvoJKWWQEAAAB6,5660398.0,2,7
17,17,GYeGXugg4ewPCwgEAABi1,GYeGXugg4ewPCwgEAABi1,8066056.0,5,7
18,18,GYYxBtQFFnmbDBwEAAAAE,GYYxBtQFFnmbDBwEAAAAE,9640912.0,3,7
19,19,GYk93MwWuH4BJoAEAAABu,GYk93MwWuH4BJoAEAAABu,5966204.0,2,7
20,20,GXRuC4gJdpm2YwgEAAAF_,GXRuC4gJdpm2YwgEAAAF_,5810542.0,6,7
21,21,GYfim_QUVfBqboQEAAAC-,GYfim_QUVfBqboQEAAAC-,7329403.0,4,7
22,22,GVU2b9AHpHo7DwvwIAT4i,GVU2b9AHpHo7DwvwIAT4i,8295052.0,2,7
23,23,GYiaPwAgBBJuGtwEAAAFs,GYiaPwAgBBJuGtwEAAAFs,6898897.0,1,7
24,24,GYuwmqAnwQZa8kAEAAAE-,GYuwmqAnwQZa8kAEAAAE-,10432382.0,1,7
25,25,GXssCvwxYD76jiAEAAAAy,GXssCvwxYD76jiAEAAAAy,13298698.0,5,7
26,26,GXrMEtQ8sromBSgEAAAK1,GXrMEtQ8sromBSgEAAAK1,6922574.0,7,7
27,27,GXodE-Q8aYbDCYwEAAAQT,GXodE-Q8aYbDCYwEAAAQT,1656325.0,1,7
28,28,GYUjdLgBiJp5otAEAAAAJ,GYUjdLgBiJp5otAEAAAAJ,15651154.0,1,7
29,29,GYIBToQrPdotpNQEAAAEa,GYIBToQrPdotpNQEAAAEa,5790511.0,2,7
30,30,GX0WFcAlf5r5cuAEAAADu,GX0WFcAlf5r5cuAEAAADu,7015593.0,1,7
31,31,GYnXC6AfPOsPCwgEAAAAb,GYnXC6AfPOsPCwgEAAAAb,5823195.0,3,7
32,32,GXyINwwZTCZ28vgEAAAIb,GXyINwwZTCZ28vgEAAAIb,128604.0,3,7
33,33,GVU2eMAEI2I7DwvwIAUDI,GVU2eMAEI2I7DwvwIAUDI,3310432.0,2,7
34,34,GXxis0w4EP8N_vAEAAACO,GXxis0w4EP8N_vAEAAACO,4767627.0,7,7
35,35,GYh5pMgWVA8LDdQEAAACt,GYh5pMgWVA8LDdQEAAACt,3745016.0,2,7
36,36,GYipQZAsSX62ztwEAAAK2,GYipQZAsSX62ztwEAAAK2,5679849.0,1,7
37,37,GYf3LzwJV98JifQEAAAAO,GYf3LzwJV98JifQEAAAAO,4118648.0,2,7
38,38,GXssMIAadRcNMvwEAAAA7,GXssMIAadRcNMvwEAAAA7,10703726.0,5,7
39,39,GYLAIrgJoPrlNiAEAAADg,GYLAIrgJoPrlNiAEAAADg,4408186.0,6,7
40,40,GXdMTbQrnTaXCPQEAAA9W,GXdMTbQrnTaXCPQEAAA9W,4546902.0,3,7
41,41,GXssObwqZrVVGwwEAAABI,GXssObwqZrVVGwwEAAABI,10189217.0,5,7
42,42,GYafcQAb_rbGrOQEAAAAp,GYafcQAb_rbGrOQEAAAAp,6543155.0,5,7
43,43,GXN3M3Q6SSMLDwgEAAAN7,GXN3M3Q6SSMLDwgEAAAN7,6014094.0,5,7
44,44,GYt_9-AbG4b3CaQEAAAy3,GYt_9-AbG4b3CaQEAAAy3,6618211.0,5,7
45,45,GVU2bygQ1go7DwvwIAT3r,GVU2bygQ1go7DwvwIAT3r,5959552.0,2,7
46,46,GXssOeAtVmlVGwwEAAABR,GXssOeAtVmlVGwwEAAABR,9821011.0,5,7
47,47,GXssTNAEn61VGwwEAAABn,GXssTNAEn61VGwwEAAABn,5830482.0,5,7
48,48,GWukCJAq-nIuHwwEAAAB4,GWukCJAq-nIuHwwEAAAB4,9064063.0,2,7
49,49,GYgbcAQusfLYbrQEAAAeJ,GYgbcAQusfLYbrQEAAAeJ,4780764.0,5,7
50,50,GX3ZDNQA_j8LCSgEAAAXR,GX3ZDNQA_j8LCSgEAAAXR,3269295.0,7,7
51,51,GYJlJDwG96Q_DwgEAAAA1,GYJlJDwG96Q_DwgEAAAA1,5967483.0,5,7
52,52,GXssPaAiBJ1VGwwEAAABW,GXssPaAiBJ1VGwwEAAABW,9141327.0,5,7
53,53,GXl20QAK1sTC3wwEAAB4I,GXl20QAK1sTC3wwEAAB4I,3909940.0,7,7
54,54,GYfinBwyKBImYsgEAAACn,GYfinBwyKBImYsgEAAACn,4975153.0,5,7
55,55,GYtrNxwgR9sLCwgEAAAxf,GYtrNxwgR9sLCwgEAAAxf,2738595.0,2,7
56,56,GXssQ0A7HLFVGwwEAAABc,GXssQ0A7HLFVGwwEAAABc,8769082.0,5,7
57,57,GXkyElw3j2J4_wwEAAAQa,GXkyElw3j2J4_wwEAAAQa,3976615.0,7,7
58,58,GVU2cAAPSJoNJjhsJATt6,GVU2cAAPSJoNJjhsJATt6,4995770.0,3,7
59,59,GXmAuwAxxXp4_wwEAACh0,GXmAuwAxxXp4_wwEAACh0,3973758.0,7,7
60,60,GYeB2LgKJ1cIOjAEAAABQ,GYeB2LgKJ1cIOjAEAAABQ,4403959.0,1,7
61,61,GYFEzmwNES16GkQEAAAAC,GYFEzmwNES16GkQEAAAAC,18089729.0,5,7
62,62,GXyL-rA27qcJ6pQEAAADP,GXyL-rA27qcJ6pQEAAADP,4603362.0,3,7
63,63,GYjCvngVdSMN1qAEAAABb,GYjCvngVdSMN1qAEAAABb,2988977.0,3,7
64,64,GYTt7RAvZw7gTsAEAAAHi,,,5,7
65,65,GYOxtow3Wz8PDwgEAAAdw,GYOxtow3Wz8PDwgEAAAdw,16550315.0,5,7
66,66,GYip0jQfJ7MPDDQEAAAAD,GYip0jQfJ7MPDDQEAAAAD,2434306.0,2,7
67,67,GX_Z4kAgTsrqkwgEAAAAC,GX_Z4kAgTsrqkwgEAAAAC,8434964.0,5,7
68,68,GYilRbQBlfrurwgEAAAH0,GYilRbQBlfrurwgEAAAH0,2885912.0,2,7
69,69,GYV3u-gHh-C9FwgEAAACd,GYV3u-gHh-C9FwgEAAACd,2615737.0,7,7
70,70,GYK0xWAMIRXXCMAEAAAB4,,,7,7
71,71,GYabfeQrMwLqFugEAAAAC,GYabfeQrMwLqFugEAAAAC,7140440.0,5,7
72,72,GXssRwQHfmVVGwwEAAABi,GXssRwQHfmVVGwwEAAABi,8141213.0,5,7
73,73,GX07YPQvW3nOVpQEAAAEs,GX07YPQvW3nOVpQEAAAEs,5482315.0,4,7
74,74,GYdXd4AKw_FOmOwEAAAAd,GYdXd4AKw_FOmOwEAAAAd,2114422.0,6,7
75,75,GYiSBwQfVTLurwgEAAAAX,GYiSBwQfVTLurwgEAAAAX,2232236.0,2,7
76,76,GX-EdhwKKy5rDwwEAAACK,GX-EdhwKKy5rDwwEAAACK,4061738.0,3,7
77,77,GYR1YhQ7-C7iVuQEAAAj-,GYR1YhQ7-C7iVuQEAAAj-,6454278.0,4,7
78,78,GXssRwQESq8NMvwEAAABY,GXssRwQESq8NMvwEAAABY,7697895.0,5,7
79,79,GYXB0OgEQO5OhegEAAAAl,GYXB0OgEQO5OhegEAAAAl,8149943.0,3,7
80,80,GYKa28QwIF8NomgEAAABL,GYKa28QwIF8NomgEAAABL,3494409.0,5,7
81,81,GYw48owR8pBbDwwEAAAh0,GYw48owR8pBbDwwEAAAh0,5969219.0,7,7
82,82,GYLj_pwCqzwijjwEAAADY,GYLj_pwCqzwijjwEAAADY,6422202.0,4,7
83,83,GYVeCIAJuVLfCIgEAAABV,GYVeCIAJuVLfCIgEAAABV,2325377.0,7,7
84,84,GYOiavAjigxOXUQEAAAXb,GYOiavAjigxOXUQEAAAXb,2752346.0,5,7
85,85,GYptg9wzmqLevngEAAAAC,GYptg9wzmqLevngEAAAAC,2526735.0,2,7
86,86,GYGblLA0E-cNMCwEAAAAa,GYGblLA0E-cNMCwEAAAAa,4282652.0,5,7
87,87,GYd9PZAt4esLDJwEAAAAK,GYd9PZAt4esLDJwEAAAAK,3376078.0,1,7
88,88,GYqM-cQPaAKeUiwEAAAAC,GYqM-cQPaAKeUiwEAAAAC,2613769.0,3,7
89,89,GYf0z_wyIUiisRgEAAAAl,GYf0z_wyIUiisRgEAAAAl,3031538.0,5,7
90,90,GXouLWwp8MsPDIgEAAAqT,GXouLWwp8MsPDIgEAAAqT,3146717.0,7,7
91,91,GYc3xuwu2x5rCFgEAAALb,GYc3xuwu2x5rCFgEAAALb,6525276.0,3,7
92,92,GYd9P0QTRLMLDJwEAAAAP,GYd9P0QTRLMLDJwEAAAAP,2876212.0,5,7
93,93,GXdLWQgqPHKXCPQEAAAxk,GXdLWQgqPHKXCPQEAAAxk,5647569.0,7,7
94,94,GYGYKfQwaKLheqwEAAAEC,GYGYKfQwaKLheqwEAAAEC,16653954.0,7,7
95,95,GYGQBcwsaCIW2XgEAAAAL,GYGQBcwsaCIW2XgEAAAAL,1246305.0,7,7
96,96,GYDAnZgCFQ8IJpQEAAAAN,GYDAnZgCFQ8IJpQEAAAAN,15410017.0,5,7
97,97,GXnzXWA8PcFSpjQEAAATH,GXnzXWA8PcFSpjQEAAATH,3870415.0,1,7
98,98,GYBGr4g3rm0aqkwEAAACd,GYBGr4g3rm0aqkwEAAACd,7171479.0,4,7
99,99,GYrIprARPDYyFwwEAAAAE,GYrIprARPDYyFwwEAAAAE,1875499.0,7,7
100,100,GYOSUnARCGWWmcAEAAAAC,GYOSUnARCGWWmcAEAAAAC,13241870.0,7,7
101,101,GXm_gJg34lp4_wwEAAEZI,GXm_gJg34lp4_wwEAAEZI,4376490.0,7,7
102,102,GYcyguwlW6MLDBAEAAAIr,,,4,7
103,103,GYoQ3DQbNZ7jCAAEAAADy,GYoQ3DQbNZ7jCAAEAAADy,2813001.0,4,7
104,104,GXozhGwOz77DCYwEAABBA,GXozhGwOz77DCYwEAABBA,4990974.0,7,7
105,105,GYM1BXQbxDWqHwgEAAABv,GYM1BXQbxDWqHwgEAAABv,4011795.0,5,7
106,106,GYhA0QwXRB2quwwEAAACg,GYhA0QwXRB2quwwEAAACg,2783598.0,1,7
107,107,GVU2gkAgT4oNJjhsJAUDk,GVU2gkAgT4oNJjhsJAUDk,4587042.0,2,7
108,108,GYoQ20QbgycLDwwEAAAAV,GYoQ20QbgycLDwwEAAAAV,3260596.0,4,7
109,109,GWPUlwg8AP5hdqgEAAAA9,GWPUlwg8AP5hdqgEAAAA9,2415605.0,4,7
110,110,GYoakoAc88ojCwgEAAAAP,GYoakoAc88ojCwgEAAAAP,3113333.0,4,7
111,111,GYpd0sACo9rqfUAEAAABf,GYpd0sACo9rqfUAEAAABf,3055488.0,6,7
112,112,GYLD3_ArixL1sggEAAAHk,GYLD3_ArixL1sggEAAAHk,14036247.0,2,7
113,113,GXkXIGACM6o-njwEAABv5,GXkXIGACM6o-njwEAABv5,5523782.0,5,7
114,114,GX8auJwgvI5c0wwEAAAAk,GX8auJwgvI5c0wwEAAAAk,4302184.0,7,7
115,115,GYM1B1QloY6m0lwEAAAB1,GYM1B1QloY6m0lwEAAAB1,3451640.0,5,7
116,116,GYG9OEApMzVPDfAEAAAAE,GYG9OEApMzVPDfAEAAAAE,4265103.0,5,7
117,117,GX3dOFgSA-4uZmAEAAAAi,GX3dOFgSA-4uZmAEAAAAi,2795377.0,2,7
118,118,GYWxDNwOY8omvwgEAAAEf,GYWxDNwOY8omvwgEAAAEf,3130244.0,5,7
119,119,GWUFY3QmtX6e1iQEAAACP,GWUFY3QmtX6e1iQEAAACP,2541077.0,5,7
120,120,GYROi0AA8XoobiwEAAAAC,GYROi0AA8XoobiwEAAAAC,3434404.0,7,7
121,121,GX07ZpgGYrnOVpQEAAAF4,GX07ZpgGYrnOVpQEAAAF4,3568012.0,4,7
122,122,GYbzvWABDj8LDwgEAAAAp,GYbzvWABDj8LDwgEAAAAp,5432415.0,1,7
123,123,GYN4ywAXUS1OLNgEAAAHg,GYN4ywAXUS1OLNgEAAAHg,3067893.0,2,7
124,124,GYbD1_wnm3mDCwgEAAAPM,GYbD1_wnm3mDCwgEAAAPM,13799321.0,5,7
125,125,GYS_I_wTdDa6NwwEAAAAC,GYS_I_wTdDa6NwwEAAAAC,2066204.0,3,7
126,126,GYJn1Ogx__qvDwgEAAAAG,GYJn1Ogx__qvDwgEAAAAG,1661596.0,4,7
127,127,GYafDvANaBcLDSQEAAAAg,GYafDvANaBcLDSQEAAAAg,2563083.0,4,7
128,128,GXk8fHwihoY7CZgEAACkr,GXk8fHwihoY7CZgEAACkr,2013180.0,6,7
129,129,GXnEEogAPtp4_wwEAAEvU,GXnEEogAPtp4_wwEAAEvU,8379821.0,5,7
130,130,GX6QtHQxBD5nCwwEAAAHM,GX6QtHQxBD5nCwwEAAAHM,6107949.0,3,7
131,131,GXdkpqAvyDaXCPQEAADdn,GXdkpqAvyDaXCPQEAADdn,5247181.0,7,7
132,132,GVU2cMgPp_VFvjSoJATyY,GVU2cMgPp_VFvjSoJATyY,3563145.0,2,7
133,133,GX3Uw2AN9CaHCwwEAAALT,GX3Uw2AN9CaHCwwEAAALT,9238855.0,1,7
134,134,GX8fnVgocBIZDKQEAAABF,GX8fnVgocBIZDKQEAAABF,3034824.0,6,7
135,135,GYGbnaQ0VpBfDwwEAAAA-,GYGbnaQ0VpBfDwwEAAAA-,3981744.0,4,7
136,136,GYG9OEAjyvFPDfAEAAAAD,GYG9OEAjyvFPDfAEAAAAD,3601605.0,5,7
137,137,GYIjiCAbLFYeedgEAAALM,GYIjiCAbLFYeedgEAAALM,2200861.0,4,7
138,138,GYnEqqwAqmj3DwwEAAAAD,GYnEqqwAqmj3DwwEAAAAD,2622872.0,1,7
139,139,GYeIGRgs-hpuFSgEAAACC,GYeIGRgs-hpuFSgEAAACC,2095043.0,2,7
140,140,GYGtFSQzACaN3kwEAAAAN,GYGtFSQzACaN3kwEAAAAN,2375526.0,4,7
141,141,GYs9EiAMpNKW_rgEAAAAC,GYs9EiAMpNKW_rgEAAAAC,2746409.0,7,7
142,142,GYZ9zLAJdzsPCwgEAAAAE,GYZ9zLAJdzsPCwgEAAAAE,2911600.0,7,7
143,143,GYJ6qEgHoVqUOrgEAAAKU,GYJ6qEgHoVqUOrgEAAAKU,3029841.0,4,7
144,144,GXk2bjADLDp4_wwEAAAUc,GXk2bjADLDp4_wwEAAAUc,3684502.0,7,7
145,145,GWIeb3gOZ7MMjXQEAAACW,GWIeb3gOZ7MMjXQEAAACW,2880930.0,6,7
146,146,GYFE2Tg8P-76tMQEAAAAS,GYFE2Tg8P-76tMQEAAAAS,3038282.0,2,7
147,147,GX9q5dgf0LMILwgEAAAF0,GX9q5dgf0LMILwgEAAAF0,7566996.0,5,7
148,148,GYZ1SZwrtOrZElQEAAAAb,GYZ1SZwrtOrZElQEAAAAb,1755052.0,2,7
149,149,GX9q5dgUGL8ILwgEAAAFw,GX9q5dgUGL8ILwgEAAAFw,5808963.0,5,7
150,150,GXcnTGwGNYSRMwgEAAAGK,GXcnTGwGNYSRMwgEAAAGK,3082869.0,6,7
151,151,GXdu2ZAglVJuAuwEAADbA,GXdu2ZAglVJuAuwEAADbA,6095021.0,5,7
152,152,GXLSyOgzhz8N8owEAAAAL,GXLSyOgzhz8N8owEAAAAL,2148436.0,5,7
153,153,GYGP7iQQpJYC6twEAAAEu,GYGP7iQQpJYC6twEAAAEu,3274101.0,4,7
154,154,GYp4MpAPtALoDwwEAAAAq,GYp4MpAPtALoDwwEAAAAq,2023072.0,2,7
155,155,GYfhwiwlBDcLDwwEAAABQ,GYfhwiwlBDcLDwwEAAABQ,856077.0,6,7
156,156,GYGOrjQfhvKCWowEAAAAE,GYGOrjQfhvKCWowEAAAAE,4079440.0,5,7
157,157,GX07YUgXYUXOVpQEAAAEz,GX07YUgXYUXOVpQEAAAEz,3328381.0,4,7
158,158,GYa6JYAMB9KfDcgEAAABG,GYa6JYAMB9KfDcgEAAABG,2057626.0,5,7
159,159,GYXBzKw3n5aJmOwEAAAAE,GYXBzKw3n5aJmOwEAAAAE,6619330.0,2,7
160,160,GYEZm4Qn1r7CgYgEAAAAb,GYEZm4Qn1r7CgYgEAAAAb,3187487.0,4,7
161,161,GYagoyQwsSZfCwgEAAAAD,GYagoyQwsSZfCwgEAAAAD,2985683.0,1,7
162,162,GYL_Z7AW4ppXCCQEAAADa,GYL_Z7AW4ppXCCQEAAADa,4547427.0,4,7
163,163,GXbGBEw3y6pGYoAEAAAVc,GXbGBEw3y6pGYoAEAAAVc,1942282.0,7,7
164,164,GYZWoOQ6F9cLDCAEAAABP,GYZWoOQ6F9cLDCAEAAABP,4898261.0,1,7
165,165,GYbvoqgoeYawYwwEAAAAN,GYbvoqgoeYawYwwEAAAAN,2772413.0,7,7
166,166,GYCwLmAtfyLDDGgEAAAAJ,GYCwLmAtfyLDDGgEAAAAJ,3422451.0,5,7
167,167,GX8VcRQca5sLDbAEAAAD-,GX8VcRQca5sLDbAEAAAD-,2349735.0,7,7
168,168,GXk2biwjpCDC3wwEAAAas,GXk2biwjpCDC3wwEAAAas,4199174.0,5,7
169,169,GXrHanAQBunUYOAEAAAB3,GXrHanAQBunUYOAEAAAB3,4148524.0,6,7
170,170,GV7xdwg1cosPDWwEAAABT,GV7xdwg1cosPDWwEAAABT,4655778.0,7,7
171,171,GXoZVkwh6YrLCwgEAAACJ,GXoZVkwh6YrLCwgEAAACJ,3202666.0,7,7
172,172,GX9v1Ig7cnhoQwgEAAAAC,GX9v1Ig7cnhoQwgEAAAAC,5624030.0,5,7
173,173,GYQFuQQ6Ira60hQEAAAB2,GYQFuQQ6Ira60hQEAAAB2,2800324.0,5,7
174,174,GYJB-UAPXG4rDKgEAAAAC,GYJB-UAPXG4rDKgEAAAAC,5468854.0,5,7
175,175,GYJWdiAedXWDDwgEAAABA,GYJWdiAedXWDDwgEAAABA,1809433.0,4,7
176,176,GYPH_IAJTJKaVTAEAAABy,GYPH_IAJTJKaVTAEAAABy,4044376.0,5,7
177,177,GYY1D2wq6KC92wgEAAAAU,GYY1D2wq6KC92wgEAAAAU,2366111.0,5,7
178,178,GYS_1DQ3ANK29TgEAAAAg,GYS_1DQ3ANK29TgEAAAAg,3356516.0,2,7
179,179,GVU2bpwOunINJjhsJATsb,GVU2bpwOunINJjhsJATsb,3194073.0,4,7
180,180,GYm0w5wSRXaTDYQEAAAD4,GYm0w5wSRXaTDYQEAAAD4,2387661.0,1,7
181,181,GYmrTxAWpCl3DMgEAAAAC,GYmrTxAWpCl3DMgEAAAAC,1898576.0,2,7
182,182,GYhaucgZnkLtZpAEAAAAC,GYhaucgZnkLtZpAEAAAAC,1341955.0,2,7
183,183,GYGa0mwMDVcPDwwEAAAFK,GYGa0mwMDVcPDwwEAAAFK,2134056.0,4,7
184,184,GYDQXMgVDW8LDGgEAAAAF,GYDQXMgVDW8LDGgEAAAAF,3719154.0,7,7
185,185,GXrHR0QRNbnUYOAEAAABB,GXrHR0QRNbnUYOAEAAABB,3296067.0,6,7
186,186,GWt7vKAJzFri8vQEAAAKm,GWt7vKAJzFri8vQEAAAKm,4924565.0,5,7
187,187,GXtf0UwTqw8JHjQEAAAbT,GXtf0UwTqw8JHjQEAAAbT,6621594.0,7,7
188,188,GVU2fLgkp0lFvjSoJAT_x,GVU2fLgkp0lFvjSoJAT_x,2199978.0,2,7
189,189,GXebONASZ8sPCwwEAAD_C,GXebONASZ8sPCwwEAAD_C,2457217.0,7,7
190,190,GYK0DcgxUPqrCwgEAAAAn,GYK0DcgxUPqrCwgEAAAAn,3906864.0,5,7
191,191,GXioWcw71mretvAEAAAD-,GXioWcw71mretvAEAAAD-,2409665.0,4,7
192,192,GXrHpPQvjhomBSgEAAAAZ,GXrHpPQvjhomBSgEAAAAZ,4219461.0,5,7
193,193,GYO2jXAXCRoMqsQEAAAgv,GYO2jXAXCRoMqsQEAAAgv,4071922.0,4,7
194,194,GYEkLVAeovrHCwgEAAAAW,GYEkLVAeovrHCwgEAAAAW,2279055.0,3,7
195,195,GYW8XhA7iuq27iQEAAAHT,GYW8XhA7iuq27iQEAAAHT,1623799.0,4,7
196,196,GYS_3hgKL_avCwwEAAAAe,GYS_3hgKL_avCwwEAAAAe,7045445.0,2,7
197,197,GYhfK9AxT1KKnnQEAAADT,GYhfK9AxT1KKnnQEAAADT,1793976.0,3,7
198,198,GYF4TjQOX7MLCOQEAAAJ-,GYF4TjQOX7MLCOQEAAAJ-,2060125.0,5,7
199,199,GYtBD7wfMgnmangEAAAkf,GYtBD7wfMgnmangEAAAkf,2366275.0,4,7
200,200,GYtn7AgK7b8LCwgEAAAwa,GYtn7AgK7b8LCwgEAAAwa,2388963.0,2,7
201,201,GXvuNTw6T2IaEUwEAAAT-,GXvuNTw6T2IaEUwEAAAT-,5617649.0,5,7
202,202,GYOYX9gphVFOLNgEAAAQR,GYOYX9gphVFOLNgEAAAQR,3592396.0,5,7
203,203,GYf0-iQ1eoRKojgEAAAAC,GYf0-iQ1eoRKojgEAAAAC,2435562.0,3,7
204,204,GXxiTeAijaTFAlwEAAADX,GXxiTeAijaTFAlwEAAADX,2599204.0,3,7
205,205,GXSyqxwTkf5VLqQEAABoa,GXSyqxwTkf5VLqQEAABoa,2614549.0,5,7
206,206,GVU2g_AGQXI7DwvwIAUSp,GVU2g_AGQXI7DwvwIAUSp,1922159.0,2,7
207,207,GX5tdIgP5ILrCwgEAAADH,GX5tdIgP5ILrCwgEAAADH,1537166.0,3,7
208,208,GX2zTGQW_S8NYwwEAAALK,GX2zTGQW_S8NYwwEAAALK,4973685.0,5,7
209,209,GYKaqKAeYn6S1oAEAAABt,GYKaqKAeYn6S1oAEAAABt,2337694.0,5,7
210,210,GYnG0mQrJsxuLwgEAAADe,GYnG0mQrJsxuLwgEAAADe,1633228.0,2,7
211,211,GX5nwgQDNJZ6aoQEAAAHJ,GX5nwgQDNJZ6aoQEAAAHJ,1485108.0,2,7
212,212,GYfiBmALoIU5OwwEAAACw,GYfiBmALoIU5OwwEAAACw,951627.0,3,7
213,213,GXdu2RQwR0JuAuwEAADZ5,GXdu2RQwR0JuAuwEAADZ5,3394755.0,5,7
214,214,GYGuJ2wj2VpuzeQEAAAAF,GYGuJ2wj2VpuzeQEAAAAF,3797462.0,5,7
215,215,GXJvkMAU0JIG6gAEAAAIo,GXJvkMAU0JIG6gAEAAAIo,3932290.0,2,7
216,216,GXdu2ZAb9oJuAuwEAADa9,GXdu2ZAb9oJuAuwEAADa9,3850583.0,7,7
217,217,GX-Tu4ge5qAexgwEAAABd,GX-Tu4ge5qAexgwEAAABd,2731201.0,7,7
218,218,GYQfFugQ_-MLDwwEAAAAP,GYQfFugQ_-MLDwwEAAAAP,1509767.0,4,7
219,219,GX9KHPw1OIMPCJgEAAAAD,GX9KHPw1OIMPCJgEAAAAD,16086595.0,5,7
220,220,GXyINuQrm9o6vcwEAAAFE,GXyINuQrm9o6vcwEAAAFE,2591222.0,3,7
221,221,GYGJAwgdTR0zCwwEAAABM,GYGJAwgdTR0zCwwEAAABM,2274267.0,5,7
222,222,GXeOM3Q7qcZuAuwEAADwo,GXeOM3Q7qcZuAuwEAADwo,3193075.0,7,7
223,223,GXbIIxQb4npGYoAEAAAch,GXbIIxQb4npGYoAEAAAch,1152722.0,7,7
224,224,GYGQHkQKmf6UEpwEAAAAD,GYGQHkQKmf6UEpwEAAAAD,4811614.0,4,7
225,225,GYICZAQTd4qopsQEAAAEi,GYICZAQTd4qopsQEAAAEi,2859472.0,1,7
226,226,GX8_d8QZmqYudbQEAAAC1,GX8_d8QZmqYudbQEAAAC1,3129095.0,7,7
227,227,GYdhCXgGwFIeXwgEAAAAC,GYdhCXgGwFIeXwgEAAAAC,1858483.0,6,7
228,228,GX-IlUgib1sIdmgEAAABv,GX-IlUgib1sIdmgEAAABv,4662248.0,5,7
229,229,GXI-WvQqTfKuWIwEAAAAC,GXI-WvQqTfKuWIwEAAAAC,1045982.0,2,7
230,230,GYQFtyQxJ5MLCwwEAAABY,GYQFtyQxJ5MLCwwEAAABY,1398872.0,2,7
231,231,GYgrQ-Awx0zQuHQEAAAAC,GYgrQ-Awx0zQuHQEAAAAC,1762066.0,4,7
232,232,GYBmgpwLcl0OLlAEAAAAX,GYBmgpwLcl0OLlAEAAAAX,2713118.0,3,7
233,233,GYXhKzAbBH7GzIwEAAAJG,GYXhKzAbBH7GzIwEAAAJG,1030698.0,3,7
234,234,GX-nzMw1oyZHDwwEAAAN3,GX-nzMw1oyZHDwwEAAAN3,2866520.0,3,7
235,235,GXbCIvwTBr3epwwEAAAJj,GXbCIvwTBr3epwwEAAAJj,2025429.0,6,7
236,236,GYnQlhAi63jEvfwEAAAK6,GYnQlhAi63jEvfwEAAAK6,1607038.0,4,7
237,237,GVWIojg4qrMJtGzYJAAXw,GVWIojg4qrMJtGzYJAAXw,2300207.0,3,7
238,238,GYWxDpQN9Hb47wwEAAAFI,GYWxDpQN9Hb47wwEAAAFI,2818742.0,5,7
239,239,GYGT8zAx-rsLDcwEAAAAs,GYGT8zAx-rsLDcwEAAAAs,2207896.0,3,7
240,240,GYiYW1gEfPke9GQEAAAFB,GYiYW1gEfPke9GQEAAAFB,1471258.0,2,7
241,241,GW09xJAYCEpFDwgEAAADf,GW09xJAYCEpFDwgEAAADf,3713007.0,5,7
242,242,GYHDtoQijh8LDwgEAAAAC,GYHDtoQijh8LDwgEAAAAC,3000495.0,5,7
243,243,GXdu2VggtgZuAuwEAADan,GXdu2VggtgZuAuwEAADan,3737041.0,5,7
244,244,GYJqWqwD8rHiABgEAAAAn,GYJqWqwD8rHiABgEAAAAn,4073804.0,4,7
245,245,GYgboSQtlcJ3CwgEAAAAJ,GYgboSQtlcJ3CwgEAAAAJ,1696880.0,4,7
246,246,GYrIpwA7XvFrCwgEAAAAE,GYrIpwA7XvFrCwgEAAAAE,1591625.0,2,7
247,247,GXtviwAI5ZJuSkwEAAAa4,GXtviwAI5ZJuSkwEAAAa4,1917597.0,6,7
248,248,GX3UHzAJKPxmDbAEAAAH-,GX3UHzAJKPxmDbAEAAAH-,1255909.0,2,7
249,249,GYgQ2mAuk18LCHAEAAAAf,GYgQ2mAuk18LCHAEAAAAf,1395909.0,7,7
250,250,GYGazoATo1DzDwwEAAACB,GYGazoATo1DzDwwEAAACB,1438382.0,5,7
251,251,GXnEEoQ4sRMNVoAEAAB0c,GXnEEoQ4sRMNVoAEAAB0c,5173496.0,5,7
252,252,GXPAj_wlWEYRYKAEAAAC9,GXPAj_wlWEYRYKAEAAAC9,1439313.0,4,7
253,253,GYJCQ2AxuqIrDKgEAAAAD,GYJCQ2AxuqIrDKgEAAAAD,2467125.0,5,7
254,254,GXr2qigEnPpGXWQEAAAJu,GXr2qigEnPpGXWQEAAAJu,3305370.0,7,7
255,255,GYOjdCwdKNsI-wgEAAAZc,GYOjdCwdKNsI-wgEAAAZc,1375244.0,5,7
256,256,GYOXm8QLp8ECvwgEAAAAC,GYOXm8QLp8ECvwgEAAAAC,2033680.0,5,7
257,257,GYaf79gQvPMPDwgEAAAAH,GYaf79gQvPMPDwgEAAAAH,2334707.0,3,7
258,258,GXaX2SQF3VJy3wwEAAAFk,GXaX2SQF3VJy3wwEAAAFk,1742305.0,5,7
259,259,GYeB2ug0fksIOjAEAAABW,GYeB2ug0fksIOjAEAAABW,1200406.0,3,7
260,260,GYd3Mygq6S2-jkwEAAAZI,GYd3Mygq6S2-jkwEAAAZI,1144264.0,7,7
261,261,GXeXFng63dpuAuwEAADzN,GXeXFng63dpuAuwEAADzN,3738455.0,5,7
262,262,GYMM_bgifpcLCYgEAAAAD,GYMM_bgifpcLCYgEAAAAD,2390971.0,4,7
263,263,GXdu2ZAigOMPCwwEAADXI,GXdu2ZAigOMPCwwEAADXI,2033336.0,5,7
264,264,GXRt2ogky7r29bAEAAAGe,GXRt2ogky7r29bAEAAAGe,1576148.0,7,7
265,265,GXrHaagZAIKu9KwEAAAAm,GXrHaagZAIKu9KwEAAAAm,2922475.0,6,7
266,266,GYGQHnQ66bIW2XgEAAAAy,GYGQHnQ66bIW2XgEAAAAy,3684694.0,4,7
267,267,GYJxoQQe-gaGSwwEAAAAE,GYJxoQQe-gaGSwwEAAAAE,2880796.0,5,7
268,268,GYQk6nQkFS8NsmgEAAAHA,GYQk6nQkFS8NsmgEAAAHA,1244424.0,4,7
269,269,GX-nzMwc-EaCFpgEAAAMh,GX-nzMwc-EaCFpgEAAAMh,5883415.0,5,7
270,270,GYELQiQINcWJggwEAAAAN,GYELQiQINcWJggwEAAAAN,3576474.0,5,7
271,271,GYR9bMAwCSIbCNAEAAA7_,GYR9bMAwCSIbCNAEAAA7_,301863.0,5,7
272,272,GYfHjFAGkcr20TQEAAAA1,GYfHjFAGkcr20TQEAAAA1,1371728.0,3,7
273,273,GXdu2ZAZfFMPCwwEAADXD,GXdu2ZAZfFMPCwwEAADXD,2525591.0,7,7
274,274,GX3tk8wmzrYVepgEAAACw,GX3tk8wmzrYVepgEAAACw,2592261.0,6,7
275,275,GXrBDuAniEYC9JwEAAAWV,GXrBDuAniEYC9JwEAAAWV,2022034.0,2,7
276,276,GVnRuCAA79Z3Dww0JAADm,GVnRuCAA79Z3Dww0JAADm,8698688.0,7,7
277,277,GYoQ54QvXhYZVSgEAAAEZ,GYoQ54QvXhYZVSgEAAAEZ,2020855.0,7,7
278,278,GXk2biw2JrzC3wwEAAAay,GXk2biw2JrzC3wwEAAAay,2669974.0,7,7
279,279,GYBBfPA1yZF-wpgEAAAA-,GYBBfPA1yZF-wpgEAAAA-,3736967.0,4,7
280,280,GXrH2TQB_D62brQEAAADU,GXrH2TQB_D62brQEAAADU,2606578.0,5,7
281,281,GXnEEqw6S3A4eoAEAABiR,GXnEEqw6S3A4eoAEAABiR,5387581.0,5,7
282,282,GXdu2ZArRxJuAuwEAADbD,GXdu2ZArRxJuAuwEAADbD,209105.0,5,7
283,283,GVU2xlQZIxY7DwvwIAVgK,GVU2xlQZIxY7DwvwIAVgK,2973178.0,2,7
284,284,GXnAu5AZC5MNVoAEAABvO,GXnAu5AZC5MNVoAEAABvO,5904895.0,1,7
285,285,GYCVhjQCBs6KfnwEAAAAL,GYCVhjQCBs6KfnwEAAAAL,834655.0,1,7
286,286,GYXxsjQhvlsPDDgEAAAAC,GYXxsjQhvlsPDDgEAAAAC,920659.0,3,7
287,287,GYjJrvg7QksLDwgEAAAAG,GYjJrvg7QksLDwgEAAAAG,1125839.0,2,7
288,288,GXrWweQmaqDmqwwEAAAAm,GXrWweQmaqDmqwwEAAAAm,2524360.0,6,7
289,289,GYcIzngboecIvwwEAAAAP,GYcIzngboecIvwwEAAAAP,900487.0,7,7
290,290,GXt52SQtPlcPCwgEAAAmo,GXt52SQtPlcPCwgEAAAmo,1708383.0,5,7
291,291,GYehVtAo9E5jDwwEAAAF0,GYehVtAo9E5jDwwEAAAF0,1625911.0,7,7
292,292,GVU2fQQUZWo7DwvwIAUHo,GVU2fQQUZWo7DwvwIAUHo,2113475.0,6,7
293,293,GXjtShgurcY7CZgEAABBM,GXjtShgurcY7CZgEAABBM,2579758.0,3,7
294,294,GXrR72QhID4ayhAEAAANa,GXrR72QhID4ayhAEAAANa,2189857.0,7,7
295,295,GYcy8FgLB_MIvwwEAAAJl,GYcy8FgLB_MIvwwEAAAJl,1100676.0,4,7
296,296,GXadU9ARQ58McQQEAAAKj,GXadU9ARQ58McQQEAAAKj,97093.0,4,7
297,297,GYbzrRAvf-ZPCKQEAAAAX,GYbzrRAvf-ZPCKQEAAAAX,8604197.0,5,7
298,298,GX07gpQFBrLCttQEAAAH-,GX07gpQFBrLCttQEAAAH-,2527861.0,4,7
299,299,GYe7uAgqQlZyQwgEAAAAf,GYe7uAgqQlZyQwgEAAAAf,1410458.0,7,7
300,300,GYHoIhQfoKZiswgEAAAEb,GYHoIhQfoKZiswgEAAAEb,1664921.0,4,7
301,301,GYEb9QwLgFF9_ZwEAAAA7,GYEb9QwLgFF9_ZwEAAAA7,9899541.0,7,7
302,302,GYertfwheoomXpgEAAAAb,GYertfwheoomXpgEAAAAb,1138728.0,2,7
303,303,GX42dmQ5Ws2NViQEAAAWr,GX42dmQ5Ws2NViQEAAAWr,3392554.0,5,7
304,304,GYGQHpgtBy5sJwgEAAAAp,GYGQHpgtBy5sJwgEAAAAp,2931097.0,4,7
305,305,GYn1GYQpzpKtzhQEAAARe,GYn1GYQpzpKtzhQEAAARe,1305292.0,2,7
306,306,GX7WPJgqYpLZJwwEAAABu,GX7WPJgqYpLZJwwEAAABu,4047563.0,3,7
307,307,GXsRXGAJrtsPDFwEAAAAC,GXsRXGAJrtsPDFwEAAAAC,1372896.0,7,7
308,308,GXwO8LwQUJbnDHQEAAARh,GXwO8LwQUJbnDHQEAAARh,2773289.0,4,7
309,309,GYGIgTAWX2Iq-lgEAAAAM,GYGIgTAWX2Iq-lgEAAAAM,1567968.0,5,7
310,310,GYEvwdARqEpEIfwEAAAAI,GYEvwdARqEpEIfwEAAAAI,6651722.0,5,7
311,311,GV4z_-gbJc7fDNQEAAAAj,GV4z_-gbJc7fDNQEAAAAj,1965998.0,7,7
312,312,GXeF-mg4zu8PCwwEAADwj,GXeF-mg4zu8PCwwEAADwj,3153983.0,5,7
313,313,GYJWdJAUshsPCwgEAAABc,GYJWdJAUshsPCwgEAAABc,2276062.0,5,7
314,314,GV-BPaQTac7OCwgEAAACM,GV-BPaQTac7OCwgEAAACM,1664671.0,5,7
315,315,GX7hX4Qn4isJApgEAAABu,GX7hX4Qn4isJApgEAAABu,2159305.0,6,7
316,316,GVU2wKADG81FvjSoJAVPU,GVU2wKADG81FvjSoJAVPU,2197565.0,1,7
317,317,GYJlNiAoy5bahUgEAAAAg,GYJlNiAoy5bahUgEAAAAg,964230.0,7,7
318,318,GYfw_3AdrqouFhQEAAAAu,GYfw_3AdrqouFhQEAAAAu,1254131.0,7,7
319,319,GXnUoBQPflYCgwwEAAAWf,GXnUoBQPflYCgwwEAAAWf,1264106.0,7,7
320,320,GXkNYoQqHfY-njwEAABaA,GXkNYoQqHfY-njwEAABaA,913528.0,7,7
321,321,GXdu2VgPdq5uAuwEAADak,GXdu2VgPdq5uAuwEAADak,7748661.0,5,7
322,322,GYJwJXgD8sZqpgQEAAAAE,GYJwJXgD8sZqpgQEAAAAE,1365407.0,2,7
323,323,GYSVE2wbvloPDYQEAAAMg,GYSVE2wbvloPDYQEAAAMg,1122845.0,5,7
324,324,GYoQ27wvYG5K7LgEAAAAX,GYoQ27wvYG5K7LgEAAAAX,1248041.0,4,7
325,325,GYoLVwA7u6KCDigEAAAEO,GYoLVwA7u6KCDigEAAAEO,1260216.0,4,7
326,326,GWGwm2gpIf6mywwEAAACF,GWGwm2gpIf6mywwEAAACF,2651888.0,2,7
327,327,GYIjf4AmYDJGxLwEAAAG2,GYIjf4AmYDJGxLwEAAAG2,1176501.0,6,7
328,328,GYrTLvAbgebSwtQEAAAAC,GYrTLvAbgebSwtQEAAAAC,928947.0,2,7
329,329,GYmcIcA5b-IyOtwEAAAAC,GYmcIcA5b-IyOtwEAAAAC,1014540.0,2,7
330,330,GXmfmmgDsdsNVoAEAAACx,GXmfmmgDsdsNVoAEAAACx,1901229.0,3,7
331,331,GYGhpSwCFYsISvQEAAAAH,GYGhpSwCFYsISvQEAAAAH,1037343.0,1,7
332,332,GXSd6QADIbJVLqQEAAAKz,GXSd6QADIbJVLqQEAAAKz,1740663.0,7,7
333,333,GXdu2VgkiwJuAuwEAADaq,GXdu2VgkiwJuAuwEAADaq,1687310.0,3,7
334,334,GVU2WugfAylFvjSoJATvA,GVU2WugfAylFvjSoJATvA,1658453.0,2,7
335,335,GYHeEcQ0WvMPDwwEAAAAv,GYHeEcQ0WvMPDwwEAAAAv,3090261.0,3,7
336,336,GYSbJuAuzchDCwgEAAAAC,GYSbJuAuzchDCwgEAAAAC,5106723.0,4,7
337,337,GYGycuQD6zk8fRwEAAAA3,GYGycuQD6zk8fRwEAAAA3,1350412.0,4,7
338,338,GWbgzwQweNr6RpQEAAACD,GWbgzwQweNr6RpQEAAACD,4645265.0,4,7
339,339,GX-oSggYgPbpfoAEAAAAH,GX-oSggYgPbpfoAEAAAAH,2392750.0,1,7
340,340,GX0gQ9AKAgr5cuAEAAAG_,GX0gQ9AKAgr5cuAEAAAG_,1265047.0,2,7
341,341,GVdum7wTfVYSRB70IAAGO,GVdum7wTfVYSRB70IAAGO,1935527.0,3,7
342,342,GXdu2RQKDmpuAuwEAADZ2,GXdu2RQKDmpuAuwEAADZ2,3033087.0,5,7
343,343,GYIGQrwwl3SfCawEAAAAS,GYIGQrwwl3SfCawEAAAAS,1520732.0,5,7
344,344,GYkMhfQ2aisPCIAEAAAAC,GYkMhfQ2aisPCIAEAAAAC,1150922.0,2,7
345,345,GXOQx2we-1sLDwgEAAATJ,GXOQx2we-1sLDwgEAAATJ,2310161.0,5,7
346,346,GYS_EugxEAJOwcAEAAAAi,GYS_EugxEAJOwcAEAAAAi,1028905.0,7,7
347,347,GYnl_JQsLosPCwgEAAACs,GYnl_JQsLosPCwgEAAACs,786040.0,3,7
348,348,GXrHxGQ3L2YmBSgEAAADC,GXrHxGQ3L2YmBSgEAAADC,4285615.0,5,7
349,349,GYcy7egTKXZrCFgEAAAKc,GYcy7egTKXZrCFgEAAAKc,620337.0,1,7
350,350,GYPHVAASCko08owEAAAAC,GYPHVAASCko08owEAAAAC,1921972.0,5,7
351,351,GYRrnlQE76jdFwwEAAAK5,GYRrnlQE76jdFwwEAAAK5,1532930.0,3,7
352,352,GWDS5CQGSl7DDwgEAAABv,GWDS5CQGSl7DDwgEAAABv,1707311.0,4,7
353,353,GVU2b2A6ZF47DwvwIAT34,GVU2b2A6ZF47DwvwIAT34,1689428.0,1,7
354,354,GVdunGAD5D0-PpJIIAALF,GVdunGAD5D0-PpJIIAALF,1650826.0,7,7
355,355,GYF4g7gugBW6-wgEAAAK7,GYF4g7gugBW6-wgEAAAK7,1622675.0,5,7
356,356,GWAFNfQfXV4m1egEAAAAi,GWAFNfQfXV4m1egEAAAAi,1062273.0,3,7
357,357,GX9jvbwzUa3idqQEAAABQ,GX9jvbwzUa3idqQEAAABQ,2805805.0,5,7
358,358,GX9q5dgDUK8ILwgEAAAFs,GX9q5dgDUK8ILwgEAAAFs,1807590.0,5,7
359,359,GXbDskgCPD3epwwEAAAPe,GXbDskgCPD3epwwEAAAPe,1406644.0,6,7
360,360,GX-EBkAX3JSfCSwEAAAAC,GX-EBkAX3JSfCSwEAAAAC,2319010.0,6,7
361,361,GVU2c9QptjVFvjSoJAT2f,GVU2c9QptjVFvjSoJAT2f,1706744.0,2,7
362,362,GYabavQgP_q3DwwEAAAAl,GYabavQgP_q3DwwEAAAAl,1193145.0,5,7
363,363,GYQFw9wxoGa60hQEAAAF0,GYQFw9wxoGa60hQEAAAF0,1042397.0,4,7
364,364,GXji44gbd1I7CZgEAAAjR,GXji44gbd1I7CZgEAAAjR,1232960.0,7,7
365,365,GXdhgdgNOH5uAuwEAADWA,GXdhgdgNOH5uAuwEAADWA,2941003.0,5,7
366,366,GXYUhuQ6aq6nCVgEAAAlR,GXYUhuQ6aq6nCVgEAAAlR,6099813.0,1,7
367,367,GYMjs-wY9X7CIhgEAAAAU,GYMjs-wY9X7CIhgEAAAAU,1314601.0,2,7
368,368,GXaUfiAsLdZ3DGQEAAACj,GXaUfiAsLdZ3DGQEAAACj,681147.0,7,7
369,369,GXmmNFAzEJyLCHAEAACDB,GXmmNFAzEJyLCHAEAACDB,983689.0,7,7
370,370,GYGbnVgFkgrfCwwEAAAAG,GYGbnVgFkgrfCwwEAAAAG,2021338.0,5,7
371,371,GXnzVfgFjtICgwwEAAA7L,GXnzVfgFjtICgwwEAAA7L,2055767.0,7,7
372,372,GVU2wmQq7Go7DwvwIAVa7,GVU2wmQq7Go7DwvwIAVa7,1882544.0,4,7
373,373,GYsYsdg6UUXmangEAAAPk,GYsYsdg6UUXmangEAAAPk,758606.0,3,7
374,374,GYVuAUw2idWqunAEAAABA,GYVuAUw2idWqunAEAAABA,2330545.0,5,7
375,375,GYJ5XTwMdtZ6uswEAAAJz,GYJ5XTwMdtZ6uswEAAAJz,3021399.0,5,7
376,376,GYGX9YAcVV4i0wgEAAACH,GYGX9YAcVV4i0wgEAAACH,1162059.0,3,7
377,377,GYA9XHQopEqmlqwEAAAAC,GYA9XHQopEqmlqwEAAAAC,1229351.0,7,7
378,378,GYgVbBgTKRVpXwgEAAADS,GYgVbBgTKRVpXwgEAAADS,849819.0,1,7
379,379,GYd5QxgVW0Km7iQEAAAEu,GYd5QxgVW0Km7iQEAAAEu,1116013.0,4,7
380,380,GXoTA1gtnCyWbjQEAAACl,GXoTA1gtnCyWbjQEAAACl,1275868.0,4,7
381,381,GYA8XCAVNTLrDwgEAAAHU,GYA8XCAVNTLrDwgEAAAHU,1576676.0,7,7
382,382,GX_yGHgt75MLDQQEAAAAC,GX_yGHgt75MLDQQEAAAAC,1205680.0,7,7
383,383,GXrHTGwYHRnUYOAEAAABC,GXrHTGwYHRnUYOAEAAABC,2173597.0,6,7
384,384,GXBkRLQHnzoa1vAEAAAOq,GXBkRLQHnzoa1vAEAAAOq,2453934.0,4,7
385,385,GYGazlgjokamulwEAAAEA,GYGazlgjokamulwEAAAEA,1298713.0,4,7
386,386,GYA80NAFd4LrDwgEAAAID,GYA80NAFd4LrDwgEAAAID,1248221.0,7,7
387,387,GYG8_bgHgxWvDIwEAAACA,GYG8_bgHgxWvDIwEAAACA,2022780.0,7,7
388,388,GXd_Yewi2pZuAuwEAADwE,GXd_Yewi2pZuAuwEAADwE,2206625.0,4,7
389,389,GWiGW8wLVo66BwgEAAAAt,GWiGW8wLVo66BwgEAAAAt,1757209.0,1,7
390,390,GYXEIsATvvIJQuwEAAAFB,GYXEIsATvvIJQuwEAAAFB,1836300.0,4,7
391,391,GYN49YwBnAGWVwwEAAAKK,GYN49YwBnAGWVwwEAAAKK,1555250.0,5,7
392,392,GYVegjQFzllwDoAEAAAC3,GYVegjQFzllwDoAEAAAC3,765455.0,7,7
393,393,GYhUt6QBi47fDDQEAAAIs,GYhUt6QBi47fDDQEAAAIs,810228.0,2,7
394,394,GYfxGWwwFjRnCwwEAAAAM,GYfxGWwwFjRnCwwEAAAAM,800203.0,3,7
395,395,GXuf61QBFTpuSkwEAAA1t,GXuf61QBFTpuSkwEAAA1t,1255664.0,7,7
396,396,GYRrl0wWfeobCNAEAAALg,GYRrl0wWfeobCNAEAAALg,2357824.0,4,7
397,397,GWbgztg3fzYRYRwEAAAE1,GWbgztg3fzYRYRwEAAAE1,3648545.0,4,7
398,398,GYQk8pgy-hsPDHAEAAAIi,GYQk8pgy-hsPDHAEAAAIi,1398659.0,6,7
399,399,GYGX9SgLKDsLCXwEAAAAa,GYGX9SgLKDsLCXwEAAAAa,1915108.0,7,7
400,400,GYLfEVwJyoMIJwgEAAAPl,GYLfEVwJyoMIJwgEAAAPl,1488248.0,7,7
401,401,GYGP7bQmbDIC6twEAAAEV,GYGP7bQmbDIC6twEAAAEV,2050826.0,5,7
402,402,GXaUfiAsnjJy3wwEAAAC3,GXaUfiAsnjJy3wwEAAAC3,1629024.0,2,7
403,403,GW09wmAYieMPDDgEAAADg,GW09wmAYieMPDDgEAAADg,2345541.0,5,7
404,404,GYBllVQbyTkOLlAEAAAAC,GYBllVQbyTkOLlAEAAAAC,5668703.0,1,7
405,405,GYjTxLwCPgSiOTwEAAACn,GYjTxLwCPgSiOTwEAAACn,997300.0,7,7
406,406,GYQlElwxfew-mWQEAAAPr,GYQlElwxfew-mWQEAAAPr,1116757.0,4,7
407,407,GYSaKIQwrHruinAEAAABN,GYSaKIQwrHruinAEAAABN,6289434.0,5,7
408,408,GX9jvZQ7mx1y8eAEAAABk,GX9jvZQ7mx1y8eAEAAABk,2468492.0,7,7
409,409,GYfhfmgz-CoGSwgEAAABl,GYfhfmgz-CoGSwgEAAABl,1060226.0,5,7
410,410,GYf1V5wGHpmHCwwEAAABS,GYf1V5wGHpmHCwwEAAABS,1179698.0,1,7
411,411,GYh5pqwC3YbQkKQEAAACu,GYh5pqwC3YbQkKQEAAACu,1244294.0,1,7
412,412,GYkHNUQwYonjDZAEAAAJs,GYkHNUQwYonjDZAEAAAJs,1319066.0,4,7
413,413,GYijk0Qxbh5mGSwEAAAHI,GYijk0Qxbh5mGSwEAAAHI,1205340.0,3,7
414,414,GYOfc7g4t88I7vAEAAAUe,GYOfc7g4t88I7vAEAAAUe,1107430.0,5,7
415,415,GX3ydzQGf0IVepgEAAAFR,GX3ydzQGf0IVepgEAAAFR,1814802.0,6,7
416,416,GXrnLcQzKrR8GwgEAAAAW,GXrnLcQzKrR8GwgEAAAAW,2413216.0,5,7
417,417,GXehMOwXZKkytlAEAAARE,GXehMOwXZKkytlAEAAARE,1900224.0,5,7
418,418,GYLE5fgQVVcPCOAEAAAAF,GYLE5fgQVVcPCOAEAAAAF,3643123.0,3,7
419,419,GXa5NxQI8g5GYoAEAAAAm,GXa5NxQI8g5GYoAEAAAAm,1533849.0,6,7
420,420,GYGP7fwpWoYC6twEAAAEX,GYGP7fwpWoYC6twEAAAEX,1301119.0,4,7
421,421,GYM-IuwM5lKmPwgEAAABs,,,3,7
422,422,GX_4Yaww4-L6pXwEAAAAE,GX_4Yaww4-L6pXwEAAAAE,2891929.0,3,7
423,423,GXebCtwq1msPCwwEAAD8D,GXebCtwq1msPCwwEAAD8D,1552177.0,7,7
424,424,GYJASowV6ksNZqAEAAABT,GYJASowV6ksNZqAEAAABT,2110205.0,4,7
425,425,GYBNiCgZ6D33DwwEAAADE,GYBNiCgZ6D33DwwEAAADE,4387532.0,3,7
426,426,GXjtSkAk4KY-njwEAAA83,GXjtSkAk4KY-njwEAAA83,1917473.0,4,7
427,427,GYq58LwucDkqSLgEAAAAC,GYq58LwucDkqSLgEAAAAC,749322.0,2,7
428,428,GXd2-sQCRRsPCwwEAADce,GXd2-sQCRRsPCwwEAADce,1096963.0,7,7
429,429,GYCiC1Q8picLCfAEAAAAC,GYCiC1Q8picLCfAEAAAAC,7800794.0,2,7
430,430,GYDkv6g2_Nq-NwgEAAABV,GYDkv6g2_Nq-NwgEAAABV,1355001.0,3,7
431,431,GYkHOEASrHsLCwgEAAAAd,GYkHOEASrHsLCwgEAAAAd,1090917.0,5,7
432,432,GYpn_qwcoS53DZgEAAAAZ,GYpn_qwcoS53DZgEAAAAZ,1286178.0,2,7
433,433,GXjhaNQRXiMPDwwEAAABQ,GXjhaNQRXiMPDwwEAAABQ,1247729.0,7,7
434,434,GXmZ1WQgtCSLCHAEAABkh,GXmZ1WQgtCSLCHAEAABkh,2450878.0,5,7
435,435,GYBg7cwYTj8LCZAEAAAAC,GYBg7cwYTj8LCZAEAAAAC,1032152.0,7,7
436,436,GYnRw_gtlJojCwwEAAAMK,GYnRw_gtlJojCwwEAAAMK,531925.0,6,7
437,437,GYgL2dA6VTaTDwwEAAAAC,GYgL2dA6VTaTDwwEAAAAC,558158.0,7,7
438,438,GYnErmwCjJmDCEAEAAAAG,GYnErmwCjJmDCEAEAAAAG,807752.0,6,7
439,439,GYEZrWAL807CgYgEAAAAg,GYEZrWAL807CgYgEAAAAg,3751343.0,4,7
440,440,GYYv2WQgb5cJirAEAAAAo,GYYv2WQgb5cJirAEAAAAo,665176.0,1,7
441,441,GYvJrjw1bJncpuQEAAAJF,GYvJrjw1bJncpuQEAAAJF,1171046.0,1,7
442,442,GYpACNA8WdMJTrgEAAADO,GYpACNA8WdMJTrgEAAADO,972537.0,4,7
443,443,GXBkQ_gMtBVa1lwEAAAPl,GXBkQ_gMtBVa1lwEAAAPl,1891429.0,4,7
444,444,GVU2d_A0NVFFvjSoJAT65,GVU2d_A0NVFFvjSoJAT65,1427182.0,2,7
445,445,GX5chNQ8K2Y6KYQEAAAHj,GX5chNQ8K2Y6KYQEAAAHj,1217867.0,3,7
446,446,GYgYXoQjs2FpXwgEAAAEl,GYgYXoQjs2FpXwgEAAAEl,973368.0,5,7
447,447,GX-I8owB7gYuxvgEAAAC6,GX-I8owB7gYuxvgEAAAC6,1183472.0,7,7
448,448,GYbOK1Quvt2uWPQEAAAGG,GYbOK1Quvt2uWPQEAAAGG,863217.0,4,7
449,449,GYkXc2gRuEbCWIgEAAAAC,GYkXc2gRuEbCWIgEAAAAC,613216.0,7,7
450,450,GXyINwwb5IMJ6pQEAAAAU,GXyINwwb5IMJ6pQEAAAAU,2324299.0,3,7
451,451,GYYCgIQThE8JvwwEAAAAR,GYYCgIQThE8JvwwEAAAAR,995115.0,5,7
452,452,GWi7maw3N52G9vAEAAADR,GWi7maw3N52G9vAEAAADR,981063.0,7,7
453,453,GXdu2SQwEIKXCPQEAADeo,GXdu2SQwEIKXCPQEAADeo,1880113.0,5,7
454,454,GYgqAigH6ygPDwgEAAABO,GYgqAigH6ygPDwgEAAABO,838404.0,7,7
455,455,GXrHUCwY3E6u9KwEAAAAO,GXrHUCwY3E6u9KwEAAAAO,2091684.0,6,7
456,456,GXEIDEwdoeW2-gAEAAAGy,GXEIDEwdoeW2-gAEAAAGy,921325.0,7,7
457,457,GYME4cgyGt6EnCgEAAAAv,GYME4cgyGt6EnCgEAAAAv,4953647.0,3,7
458,458,GYdWHXwBh2xnDwwEAAAAF,GYdWHXwBh2xnDwwEAAAAF,786751.0,1,7
459,459,GVrw40gca3MPDwskIAAAN,GVrw40gca3MPDwskIAAAN,1288714.0,1,7
460,460,GYY1DJwPhVTWpwgEAAAAM,GYY1DJwPhVTWpwgEAAAAM,895913.0,1,7
461,461,GXdu2SghWaZuAuwEAADaD,GXdu2SghWaZuAuwEAADaD,1849795.0,5,7
462,462,GX8W5GwzKncLCNwEAAAYf,GX8W5GwzKncLCNwEAAAYf,1539573.0,7,7
463,463,GXn6NpwVG7IBKRwEAAAOo,GXn6NpwVG7IBKRwEAAAOo,2226833.0,1,7
464,464,GXvTTlQwJdcLDGQEAAAMj,GXvTTlQwJdcLDGQEAAAMj,1142416.0,3,7
465,465,GYkHOsA0Pn5_CwwEAAAAV,GYkHOsA0Pn5_CwwEAAAAV,1111329.0,4,7
466,466,GX-N6ygNbA6qdwwEAAAAi,GX-N6ygNbA6qdwwEAAAAi,3132861.0,4,7
467,467,GYJLPwAnMvbSdwwEAAAD8,GYJLPwAnMvbSdwwEAAAD8,958843.0,3,7
468,468,GXuu7ygQ61cI9DgEAAAAY,GXuu7ygQ61cI9DgEAAAAY,2090890.0,7,7
469,469,GXbos4w0lSLavMAEAAAwJ,GXbos4w0lSLavMAEAAAwJ,983425.0,6,7
470,470,GYYrPZglAcomBwwEAAAAC,GYYrPZglAcomBwwEAAAAC,1358273.0,7,7
471,471,GYWxDuQ0M08PDwwEAAADr,GYWxDuQ0M08PDwwEAAADr,934331.0,6,7
472,472,GYhfHhAh4-XVowwEAAAAG,GYhfHhAh4-XVowwEAAAAG,669282.0,2,7
473,473,GYcUG1AcpBryLwwEAAADU,GYcUG1AcpBryLwwEAAADU,898756.0,5,7
474,474,GXt53sgEhS5uSkwEAAAjI,GXt53sgEhS5uSkwEAAAjI,5110713.0,7,7
475,475,GYkWyigApiMPCFwEAAAAE,GYkWyigApiMPCFwEAAAAE,870245.0,7,7
476,476,GYPH-TQRrvryIHAEAAABc,,,5,7
477,477,GYKbsUwLEKIiVwgEAAAAD,GYKbsUwLEKIiVwgEAAAAD,3018964.0,5,7
478,478,GYEZm7AHZecJjVQEAAAAS,GYEZm7AHZecJjVQEAAAAS,1910613.0,3,7
479,479,GW6K_ZQKTARjDwgEAAABA,GW6K_ZQKTARjDwgEAAABA,633992.0,2,7
480,480,GYLfUFgTI8bGLCwEAAAY8,GYLfUFgTI8bGLCwEAAAY8,1427530.0,7,7
481,481,GYHd8vAN7YMLCwgEAAABB,GYHd8vAN7YMLCwgEAAABB,3029435.0,4,7
482,482,GXrH2uwMqh8PCwwEAAAEJ,GXrH2uwMqh8PCwwEAAAEJ,1210628.0,3,7
483,483,GWDWzfA4ZVMLCGAEAAACV,GWDWzfA4ZVMLCGAEAAACV,1020403.0,5,7
484,484,GXORIewS6wMLDwgEAAATw,GXORIewS6wMLDwgEAAATw,1017149.0,4,7
485,485,GYK0oaAva360gRgEAAAAC,GYK0oaAva360gRgEAAAAC,1215120.0,7,7
486,486,GYOiZfAJVGQyytQEAAAAG,GYOiZfAJVGQyytQEAAAAG,1104999.0,4,7
487,487,GYKabNgFp3cLDwgEAAAA3,GYKabNgFp3cLDwgEAAAA3,4498552.0,4,7
488,488,GYFEQwAfWoJZmqQEAAAAX,GYFEQwAfWoJZmqQEAAAAX,1781735.0,4,7
489,489,GYf3L7QQzqsIebgEAAAAK,GYf3L7QQzqsIebgEAAAAK,679825.0,2,7
490,490,GYh64XAXve5WzZgEAAAKx,,,2,7
491,491,GYSaUdwnk64jCwwEAAADQ,GYSaUdwnk64jCwwEAAADQ,887693.0,4,7
492,492,GYfilUAJA7sPCBQEAAADe,GYfilUAJA7sPCBQEAAADe,681673.0,7,7
493,493,GXa-mxg4SNINiYAEAAAF3,GXa-mxg4SNINiYAEAAAF3,2079956.0,2,7
494,494,GXsUz2gVOs76_CQEAAAB5,GXsUz2gVOs76_CQEAAAB5,1095493.0,3,7
495,495,GVx_dhQi4kmilwgEAAAC9,GVx_dhQi4kmilwgEAAAC9,1097947.0,6,7
496,496,GYnGEUgjJjbnCMAEAAACc,GYnGEUgjJjbnCMAEAAACc,952851.0,5,7
497,497,GX7hXuQrRf4IDjgEAAADt,GX7hXuQrRf4IDjgEAAADt,1285988.0,6,7
498,498,GX_9fWg3w8KJrugEAAAA2,GX_9fWg3w8KJrugEAAAA2,1238819.0,7,7
499,499,GYivWaAXEZMLDwwEAAACz,GYivWaAXEZMLDwwEAAACz,669263.0,2,7
500,500,GYjIXcQ65xwHCwwEAAAAC,GYjIXcQ65xwHCwwEAAAAC,595934.0,1,7
501,501,GYGQHzQ0m1ZsJwgEAAAAz,GYGQHzQ0m1ZsJwgEAAAAz,1202468.0,4,7
502,502,GYJARTwDr3Y2KCgEAAAAD,GYJARTwDr3Y2KCgEAAAAD,1263855.0,5,7
503,503,GYrtbnwOx9MLCUgEAAAJl,GYrtbnwOx9MLCUgEAAAJl,1098815.0,2,7
504,504,GVU2sBQYRs1FvjSoJAU-b,GVU2sBQYRs1FvjSoJAU-b,1634414.0,2,7
505,505,GXeOMyQhfX5uAuwEAADwH,GXeOMyQhfX5uAuwEAADwH,1854305.0,7,7
506,506,GYJxoQQXAXZqpgQEAAAA3,GYJxoQQXAXZqpgQEAAAA3,3002668.0,5,7
507,507,GX9J2BQiwulmjRAEAAACX,GX9J2BQiwulmjRAEAAACX,2018970.0,5,7
508,508,GYA79hQZbUsI3gQEAAAB0,GYA79hQZbUsI3gQEAAAB0,11785707.0,1,7
509,509,GWbg00gQpGp2vpAEAAACR,GWbg00gQpGp2vpAEAAACR,925407.0,5,7
510,510,GXdhYaQo_YpuAuwEAADV_,GXdhYaQo_YpuAuwEAADV_,2308410.0,7,7
511,511,GYBGuRQslYUaqkwEAAACf,GYBGuRQslYUaqkwEAAACf,1870358.0,5,7
512,512,GYDbevA1fbpvCwgEAAAAN,GYDbevA1fbpvCwgEAAAAN,2692163.0,5,7
513,513,GWNF4aQhF-cMWnQEAAACw,GWNF4aQhF-cMWnQEAAACw,831482.0,5,7
514,514,GYfBqiQ1BIKTDAQEAAAAd,GYfBqiQ1BIKTDAQEAAAAd,995160.0,6,7
515,515,GWPUluQzwFphdqgEAAAA7,GWPUluQzwFphdqgEAAAA7,1162237.0,5,7
516,516,GXrHplwuS-sPCwwEAAAAb,GXrHplwuS-sPCwwEAAAAb,1171532.0,7,7
517,517,GYQFr3g87FMLCwwEAAAA7,GYQFr3g87FMLCwwEAAAA7,676737.0,4,7
518,518,GXdzQYQCaQ6XCPQEAADiW,GXdzQYQCaQ6XCPQEAADiW,1703524.0,7,7
519,519,GXuOr5Qwi1ZuSkwEAAAxJ,GXuOr5Qwi1ZuSkwEAAAxJ,925406.0,4,7
520,520,GVU39lQn5347DwvwIAasV,GVU39lQn5347DwvwIAasV,102765.0,2,7
521,521,GYIjcigqlHoeedgEAAABM,GYIjcigqlHoeedgEAAABM,1373815.0,2,7
522,522,GYkyoIgLM7IWEpgEAAAAC,GYkyoIgLM7IWEpgEAAAAC,832597.0,5,7
523,523,GYEq4eApHYpA4cwEAAAAC,GYEq4eApHYpA4cwEAAAAC,7056177.0,5,7
524,524,GXtlhCgtvX5uSkwEAAATC,GXtlhCgtvX5uSkwEAAATC,2144831.0,4,7
525,525,GYdYj2gcRB8JjwgEAAAAO,GYdYj2gcRB8JjwgEAAAAO,745917.0,4,7
526,526,GYLEWLwPOebyJwwEAAAHB,GYLEWLwPOebyJwwEAAAHB,559816.0,7,7
527,527,GXyINwwT6v46vcwEAAAFv,GXyINwwT6v46vcwEAAAFv,1085770.0,3,7
528,528,GYUAwewus5pWewgEAAAAT,GYUAwewus5pWewgEAAAAT,671941.0,3,7
529,529,GYabfFQHGro1fjQEAAAAC,GYabfFQHGro1fjQEAAAAC,839263.0,7,7
530,530,GXctMPAkMMcPCwwEAAAKf,GXctMPAkMMcPCwwEAAAKf,1470528.0,2,7
531,531,GYEJ89wviKqiAZgEAAAAe,GYEJ89wviKqiAZgEAAAAe,5603596.0,6,7
532,532,GXxm3BgonKDFAlwEAAAJw,GXxm3BgonKDFAlwEAAAJw,1019649.0,7,7
533,533,GXdcPuwAQoMPCwwEAACou,GXdcPuwAQoMPCwwEAACou,2356324.0,2,7
534,534,GYLfMkAKh7LyJwwEAAAXU,GYLfMkAKh7LyJwwEAAAXU,877080.0,7,7
535,535,GXrHxIweO4a2brQEAAAC7,GXrHxIweO4a2brQEAAAC7,857210.0,3,7
536,536,GXtlhUA0zrsJHjQEAAAfz,GXtlhUA0zrsJHjQEAAAfz,1674007.0,4,7
537,537,GYRweKAEDH7HDCAEAAAZ7,GYRweKAEDH7HDCAEAAAZ7,1082990.0,4,7
538,538,GYJH8YgsKHQaSsQEAAAH_,GYJH8YgsKHQaSsQEAAAH_,703987.0,5,7
539,539,GXJvJnAOSVIG6gAEAAAFn,GXJvJnAOSVIG6gAEAAAFn,1005204.0,4,7
540,540,GX5NuhwXHx52ywgEAAAEP,GX5NuhwXHx52ywgEAAAEP,1602743.0,4,7
541,541,GYLf7WQi7T8IJwgEAAAP8,GYLf7WQi7T8IJwgEAAAP8,1546067.0,3,7
542,542,GXdu2SghwZZuAuwEAADaE,GXdu2SghwZZuAuwEAADaE,1331016.0,5,7
543,543,GYeB2VgatlMLCdgEAAAAt,GYeB2VgatlMLCdgEAAAAt,619973.0,2,7
544,544,GXGWJ8wyZ-K2uAwEAAAAK,GXGWJ8wyZ-K2uAwEAAAAK,1394695.0,2,7
545,545,GYi9rkwoX0GiHXgEAAACg,GYi9rkwoX0GiHXgEAAACg,967128.0,4,7
546,546,GYN4-IQS-58I-wgEAAAH-,GYN4-IQS-58I-wgEAAAH-,695306.0,7,7
547,547,GYbuuZAZKub68wwEAAANG,GYbuuZAZKub68wwEAAANG,874655.0,7,7
548,548,GYtUdUQtVN3mangEAAAox,GYtUdUQtVN3mangEAAAox,1927909.0,5,7
549,549,GYBrk8w7eqcNxrgEAAAAC,GYBrk8w7eqcNxrgEAAAAC,826043.0,7,7
550,550,GXd7gCQH2RLPDfgEAAAV4,GXd7gCQH2RLPDfgEAAAV4,1483366.0,5,7
551,551,GXdu2TwYW3puAuwEAADaL,GXdu2TwYW3puAuwEAADaL,1291374.0,7,7
552,552,GXdu2UAPdk6XCPQEAADfC,GXdu2UAPdk6XCPQEAADfC,1507556.0,7,7
553,553,GYQhipAGXQsPCwwEAAAAj,GYQhipAGXQsPCwwEAAAAj,1636966.0,1,7
554,554,GYJ2vqQgGcLm6rwEAAAFo,GYJ2vqQgGcLm6rwEAAAFo,788072.0,5,7
555,555,GXJvG1AuLWagjKgEAAADY,GXJvG1AuLWagjKgEAAADY,809175.0,4,7
556,556,GXjtShgoHJ8PDwwEAAAhe,GXjtShgoHJ8PDwwEAAAhe,805599.0,3,7
557,557,GYj5ROwWF4MPDwgEAAAAE,GYj5ROwWF4MPDwgEAAAAE,767965.0,5,7
558,558,GYDQGeQnT5qajwwEAAAAr,GYDQGeQnT5qajwwEAAAAr,4540942.0,4,7
559,559,GYBNigwS8d4YUkAEAAADi,GYBNigwS8d4YUkAEAAADi,1835611.0,3,7
560,560,GYUDeywJ3IW-dwgEAAAGd,GYUDeywJ3IW-dwgEAAAGd,2039675.0,7,7
561,561,GYgfNIQAdYqLDMgEAAAAV,GYgfNIQAdYqLDMgEAAAAV,812286.0,1,7
562,562,GX1pL-A4sIcMslAEAAAAy,GX1pL-A4sIcMslAEAAAAy,1467907.0,2,7
563,563,GXvzmUAYRyqpNwgEAAAAC,GXvzmUAYRyqpNwgEAAAAC,1602501.0,7,7
564,564,GXmbHWwnoaSLCHAEAABob,GXmbHWwnoaSLCHAEAABob,1202856.0,3,7
565,565,GYGQJNwOcH4W2XgEAAABg,GYGQJNwOcH4W2XgEAAABg,999124.0,5,7
566,566,GYpn_UA8YyZ3DZgEAAAAW,GYpn_UA8YyZ3DZgEAAAAW,853365.0,2,7
567,567,GXajjjg560MMcQQEAAAxU,GXajjjg560MMcQQEAAAxU,630200.0,7,7
568,568,GXqxXjAFASIC9JwEAAALh,GXqxXjAFASIC9JwEAAALh,4336523.0,7,7
569,569,GWNFI8w3GYGCGAQEAAACh,GWNFI8w3GYGCGAQEAAACh,633973.0,2,7
570,570,GYHd8Bwor7cPDwwEAAAAD,GYHd8Bwor7cPDwwEAAAAD,2217538.0,4,7
571,571,GYdXloAoyY5C2hwEAAABO,GYdXloAoyY5C2hwEAAABO,488955.0,6,7
572,572,GYEaaAgS0AV9_ZwEAAAAC,GYEaaAgS0AV9_ZwEAAAAC,1768462.0,7,7
573,573,GYGJEsgigDiVQwwEAAACB,GYGJEsgigDiVQwwEAAACB,567775.0,4,7
574,574,GYaqMmQQ6oMNHsAEAAABg,GYaqMmQQ6oMNHsAEAAABg,1868782.0,7,7
575,575,GYEabGA1pi19_ZwEAAAAK,GYEabGA1pi19_ZwEAAAAK,2181034.0,2,7
576,576,GX3UldQgWghmDbAEAAAKw,GX3UldQgWghmDbAEAAAKw,1647552.0,4,7
577,577,GWGwjvAwIc2uRmwEAAAAL,GWGwjvAwIc2uRmwEAAAAL,510060.0,4,7
578,578,GXd24ggvmxLPDfgEAAACM,GXd24ggvmxLPDfgEAAACM,1184595.0,3,7
579,579,GXSySgQ5Pe06olAEAAAJr,GXSySgQ5Pe06olAEAAAJr,2487022.0,1,7
580,580,GYSUuJAZV121AigEAAACE,GYSUuJAZV121AigEAAACE,776348.0,7,7
581,581,GX9jvgwxuzglRwgEAAAB2,GX9jvgwxuzglRwgEAAAB2,1455612.0,7,7
582,582,GYdXhBwCvyG2kEAEAAAAd,GYdXhBwCvyG2kEAEAAAAd,468582.0,2,7
583,583,GYPH-2Q7QoLPCQAEAAACI,GYPH-2Q7QoLPCQAEAAACI,1636626.0,5,7
584,584,GXn0p4gCmPYBKRwEAAAG8,GXn0p4gCmPYBKRwEAAAG8,1178397.0,7,7
585,585,GYiJjSwtAkHG7pQEAAAAH,GYiJjSwtAkHG7pQEAAAAH,514409.0,5,7
586,586,GYGX9Uw0f6Ze6wgEAAABz,GYGX9Uw0f6Ze6wgEAAABz,3214822.0,5,7
587,587,GYJxCDACcN8PDewEAAAAG,GYJxCDACcN8PDewEAAAAG,10492024.0,3,7
588,588,GYfiVfQ6usabDwgEAAABo,GYfiVfQ6usabDwgEAAABo,614484.0,7,7
589,589,GXeldRgFaYLPDfgEAAA8M,GXeldRgFaYLPDfgEAAA8M,1196855.0,4,7
590,590,GX2TSFQceQ6Q8ggEAAADg,GX2TSFQceQ6Q8ggEAAADg,856611.0,2,7
591,591,GYhg6wA4drY6lQwEAAAC5,GYhg6wA4drY6lQwEAAAC5,579549.0,2,7
592,592,GXrxUzQ5VqrGGtAEAAAAd,GXrxUzQ5VqrGGtAEAAAAd,3722857.0,2,7
593,593,GYhfHbgII0qKnnQEAAACz,GYhfHbgII0qKnnQEAAACz,832161.0,7,7
594,594,GXcLwaQzxnaNFKwEAAABG,GXcLwaQzxnaNFKwEAAABG,722276.0,2,7
595,595,GXbooCQpETaOqkAEAAArQ,GXbooCQpETaOqkAEAAArQ,898161.0,6,7
596,596,GXd7GFQ7zK7PDfgEAAAKE,GXd7GFQ7zK7PDfgEAAAKE,653180.0,3,7
597,597,GX5ncFA4n856aoQEAAACb,GX5ncFA4n856aoQEAAACb,747741.0,7,7
598,598,GX07gVQAuw3OVpQEAAAGc,GX07gVQAuw3OVpQEAAAGc,1470362.0,4,7
599,599,GYdc_pwoCtW6rwgEAAABl,GYdc_pwoCtW6rwgEAAABl,818635.0,5,7
600,600,GYEZmpQPTw8M8sgEAAAAQ,GYEZmpQPTw8M8sgEAAAAQ,1536869.0,4,7
601,601,GYGIiugVrw8MUuAEAAABi,GYGIiugVrw8MUuAEAAABi,429729.0,3,7
602,602,GYPcMIgawIsLCwgEAAACm,GYPcMIgawIsLCwgEAAACm,1031242.0,7,7
603,603,GYfnrfQjGNgDDwwEAAAHl,GYfnrfQjGNgDDwwEAAAHl,506796.0,6,7
604,604,GX07YeQv6q7CttQEAAAF_,GX07YeQv6q7CttQEAAAF_,2008221.0,5,7
605,605,GYXOcFgpv18JneQEAAAC1,GYXOcFgpv18JneQEAAAC1,859341.0,5,7
606,606,GWDWybQibwJ-6wwEAAACR,GWDWybQibwJ-6wwEAAACR,843034.0,7,7
607,607,GYPrhpAPc62CutQEAAAAT,GYPrhpAPc62CutQEAAAAT,2407998.0,1,7
608,608,GYN49YgzZf8I-wgEAAAH6,GYN49YgzZf8I-wgEAAAH6,988707.0,5,7
609,609,GYk4rzA7MeqaxwgEAAAAZ,GYk4rzA7MeqaxwgEAAAAZ,541419.0,5,7
610,610,GYGc_BAsC4RemnwEAAAI4,GYGc_BAsC4RemnwEAAAI4,835671.0,5,7
611,611,GXTBqww75Y06olAEAACdn,GXTBqww75Y06olAEAACdn,1034540.0,2,7
612,612,GYUJo5gGZXiq9hAEAAAAK,GYUJo5gGZXiq9hAEAAAAK,3742206.0,2,7
613,613,GYK0x7gXCza4OwwEAAADl,GYK0x7gXCza4OwwEAAADl,6174285.0,3,7
614,614,GYuBSzwVlQsLDwgEAAAAF,GYuBSzwVlQsLDwgEAAAAF,829758.0,5,7
615,615,GXsQHeQ8fdMJrsQEAAABM,GXsQHeQ8fdMJrsQEAAABM,769755.0,7,7
616,616,GYKQAkQBpTMNQvAEAAAGF,GYKQAkQBpTMNQvAEAAAGF,423075.0,2,7
617,617,GXmBdzQpf3J4_wwEAACjb,GXmBdzQpf3J4_wwEAACjb,1549320.0,7,7
618,618,GYbTrRASqjGDCwgEAAAYz,GYbTrRASqjGDCwgEAAAYz,590311.0,7,7
619,619,GYQTzHgM3_4yhwgEAAAAD,GYQTzHgM3_4yhwgEAAAAD,713603.0,3,7
620,620,GYOia2go061OLNgEAAAW3,GYOia2go061OLNgEAAAW3,582708.0,3,7
621,621,GXt_r5AwEa8PCwgEAAAsi,GXt_r5AwEa8PCwgEAAAsi,2472549.0,5,7
622,622,GYN9BTgjlCquiBgEAAALt,GYN9BTgjlCquiBgEAAALt,724722.0,6,7
623,623,GYiwASwDqpbqgwwEAAAAD,GYiwASwDqpbqgwwEAAAAD,637562.0,7,7
624,624,GYm0w6AY16rM7wgEAAADM,GYm0w6AY16rM7wgEAAADM,599690.0,1,7
625,625,GXffvkACh_rPDfgEAABRq,GXffvkACh_rPDfgEAABRq,4739581.0,5,7
626,626,GX6A4-QarfMPDUAEAAAAo,GX6A4-QarfMPDUAEAAAAo,1470339.0,1,7
627,627,GXaUfiAsG2Z3DGQEAAACi,GXaUfiAsG2Z3DGQEAAACi,1251126.0,1,7
628,628,GYK0tTge1WFbCCQEAAAAp,GYK0tTge1WFbCCQEAAAAp,516839.0,5,7
629,629,GX9q8ZQSTsMIwlQEAAAAF,GX9q8ZQSTsMIwlQEAAAAF,1037100.0,4,7
630,630,GX9kxdAcPiglRwgEAAAGW,GX9kxdAcPiglRwgEAAAGW,1318393.0,7,7
631,631,GX4SJngi5ACeIlgEAAAAS,GX4SJngi5ACeIlgEAAAAS,2276613.0,6,7
632,632,GXdu2RA5fw8PCwwEAADWS,GXdu2RA5fw8PCwwEAADWS,1311014.0,5,7
633,633,GYDbfcQGssU-dEAEAAAAI,GYDbfcQGssU-dEAEAAAAI,1794908.0,5,7
634,634,GYjS1cwBIWZ5RwwEAAAAP,GYjS1cwBIWZ5RwwEAAAAP,703590.0,4,7
635,635,GXmF6WQi3Vp4_wwEAAClz,GXmF6WQi3Vp4_wwEAAClz,639467.0,5,7
636,636,GWv7yvAGvXCm-lwEAAAE-,GWv7yvAGvXCm-lwEAAAE-,1724421.0,2,7
637,637,GYv63ZA80nMPCDwEAAAAD,GYv63ZA80nMPCDwEAAAAD,604742.0,6,7
638,638,GXdu2UAKgxMPCwwEAADWh,GXdu2UAKgxMPCwwEAADWh,2335075.0,5,7
639,639,GYS5j3Ay2W59TwgEAAABj,GYS5j3Ay2W59TwgEAAABj,920542.0,6,7
640,640,GX9q59w5WuK3DYQEAAAEX,GX9q59w5WuK3DYQEAAAEX,1142901.0,4,7
641,641,GYGYDfAMZDYi0wgEAAACk,GYGYDfAMZDYi0wgEAAACk,2051641.0,6,7
642,642,GXvyhuwpA7JpiwwEAAAEY,GXvyhuwpA7JpiwwEAAAEY,1262094.0,7,7
643,643,GXfGGmgzDUsJ_LwEAAAIz,GXfGGmgzDUsJ_LwEAAAIz,2605336.0,2,7
644,644,GYcCeSwX2WcMJwgEAAAAI,GYcCeSwX2WcMJwgEAAAAI,496224.0,6,7
645,645,GXmbFDQB8YTC3wwEAACzH,GXmbFDQB8YTC3wwEAACzH,609574.0,6,7
646,646,GXeleNwKW27PDfgEAAA8Q,GXeleNwKW27PDfgEAAA8Q,2142344.0,5,7
647,647,GXSybgAKqor29bAEAAAT3,GXSybgAKqor29bAEAAAT3,1082078.0,1,7
648,648,GYSU-3gGn1YO0wgEAAAAY,GYSU-3gGn1YO0wgEAAAAY,820212.0,5,7
649,649,GYgOAsQt98a_CwwEAAAAF,GYgOAsQt98a_CwwEAAAAF,851540.0,1,7
650,650,GYGtWoAJ3FbPDUQEAAAGO,GYGtWoAJ3FbPDUQEAAAGO,714504.0,5,7
651,651,GXdho3QhnzpuAuwEAADWX,GXdho3QhnzpuAuwEAADWX,281970.0,5,7
652,652,GYXsJoACzdwRjowEAAAAI,GYXsJoACzdwRjowEAAAAI,611027.0,4,7
653,653,GX5NuQA00BJ2ywgEAAAEA,GX5NuQA00BJ2ywgEAAAEA,730290.0,5,7
654,654,GWSL-dAiEsBqGggEAAABs,GWSL-dAiEsBqGggEAAABs,989059.0,3,7
655,655,GYscldgW690qupQEAAAJN,GYscldgW690qupQEAAAJN,1098651.0,1,7
656,656,GYf3w_AbveMMNwgEAAAGG,,,1,7
657,657,GYR0EgA4Fi4jDwgEAAAZ9,GYR0EgA4Fi4jDwgEAAAZ9,476212.0,5,7
658,658,GXcnZJAT1q6XCPQEAAALH,GXcnZJAT1q6XCPQEAAALH,818132.0,6,7
659,659,GXeOM0wnXOrPDfgEAAAWb,GXeOM0wnXOrPDfgEAAAWb,1112208.0,7,7
660,660,GX8mEpQ2hJay7FgEAAACL,GX8mEpQ2hJay7FgEAAACL,689870.0,7,7
661,661,GYJGZuA3kp7HCwwEAAAA1,GYJGZuA3kp7HCwwEAAAA1,553433.0,3,7
662,662,GYjS1JgUjMqyYvgEAAAAE,GYjS1JgUjMqyYvgEAAAAE,881754.0,6,7
663,663,GYKwvSgjDcZfDwwEAAACO,GYKwvSgjDcZfDwwEAAACO,496592.0,7,7
664,664,GYfrOBgwJAcJ8wwEAAAAC,GYfrOBgwJAcJ8wwEAAAAC,573134.0,2,7
665,665,GXehGXQ6XvUytlAEAAARB,GXehGXQ6XvUytlAEAAARB,1039926.0,5,7
666,666,GWIecCwfttbeZjQEAAACp,GWIecCwfttbeZjQEAAACp,484984.0,4,7
667,667,GWd-FgQj0mMNcawEAAAAb,GWd-FgQj0mMNcawEAAAAb,712238.0,5,7
668,668,GYWphSgA3KEW4GAEAAACZ,GYWphSgA3KEW4GAEAAACZ,820577.0,7,7
669,669,GYTvIWAGesQdewgEAAALF,GYTvIWAGesQdewgEAAALF,425818.0,5,7
670,670,GYsiSJwmObcLCwgEAAAWk,,,5,7
671,671,GVU2miAY8nlFvjSoJAUor,GVU2miAY8nlFvjSoJAUor,921474.0,2,7
672,672,GYAcfKQrV88IyQgEAAAHt,GYAcfKQrV88IyQgEAAAHt,590699.0,1,7
673,673,GYbkACAXzIpyTwwEAAAHS,,,3,7
674,674,GYY6rcgVUxcLDwgEAAAAI,GYY6rcgVUxcLDwgEAAAAI,1570124.0,3,7
675,675,GYnv4ygWtS1itRwEAAANQ,GYnv4ygWtS1itRwEAAANQ,527049.0,3,7
676,676,GYINi5guXcp2TjQEAAAVI,GYINi5guXcp2TjQEAAAVI,1021682.0,1,7
677,677,GVU2cPwY101FvjSoJATyo,GVU2cPwY101FvjSoJATyo,959149.0,2,7
678,678,GYgQ3fg5VacMiZgEAAAAF,GYgQ3fg5VacMiZgEAAAAF,706204.0,2,7
679,679,GXv4JcgUpMZpiwwEAAALd,GXv4JcgUpMZpiwwEAAALd,697683.0,3,7
680,680,GXnJ9_wWT34CgwwEAAADK,GXnJ9_wWT34CgwwEAAADK,959475.0,7,7
681,681,GXehLSwSYf7PDfgEAAAuQ,GXehLSwSYf7PDfgEAAAuQ,1278503.0,4,7
682,682,GYGQHcghdiIjDXAEAAAHA,GYGQHcghdiIjDXAEAAAHA,1142611.0,4,7
683,683,GXdu2RA5_AaXCPQEAADeb,GXdu2RA5_AaXCPQEAADeb,1223035.0,7,7
684,684,GYUDeywQdBm-dwgEAAAGe,GYUDeywQdBm-dwgEAAAGe,1383285.0,7,7
685,685,GXXAcxwJukqnCVgEAAAEG,GXXAcxwJukqnCVgEAAAEG,2514368.0,5,7
686,686,GXdu2RQGWOMPCwwEAADWU,GXdu2RQGWOMPCwwEAADWU,1305636.0,7,7
687,687,GXrGR8gCbgSZGXgEAAABM,GXrGR8gCbgSZGXgEAAABM,882839.0,1,7
688,688,GYbI_uAQBXoajwwEAAAA7,GYbI_uAQBXoajwwEAAAA7,766205.0,5,7
689,689,GYPH_AgJ2JcMloQEAAACd,GYPH_AgJ2JcMloQEAAACd,1129064.0,5,7
690,690,GYfhB8wTbxsPCBQEAAACO,GYfhB8wTbxsPCBQEAAACO,454386.0,4,7
691,691,GYK0ohgaQ93XCMAEAAAAR,GYK0ohgaQ93XCMAEAAAAR,728295.0,7,7
692,692,GXrGPIQzIqSZGXgEAAAAh,GXrGPIQzIqSZGXgEAAAAh,1115174.0,6,7
693,693,GYn2nuAwrHUumXQEAAARC,GYn2nuAwrHUumXQEAAARC,751793.0,4,7
694,694,GYLjZXwTz-cMeugEAAAC9,GYLjZXwTz-cMeugEAAAC9,662267.0,4,7
695,695,GX68GDw1CD8LDJwEAAAAG,GX68GDw1CD8LDJwEAAAAG,4045253.0,3,7
696,696,GXdu2UAdZUKXCPQEAADfG,GXdu2UAdZUKXCPQEAADfG,1235378.0,5,7
697,697,GYFn7Kw1yIYW8wwEAAAAH,GYFn7Kw1yIYW8wwEAAAAH,582697.0,1,7
698,698,GYpYLDAhy4p5xwgEAAAAD,GYpYLDAhy4p5xwgEAAAAD,721805.0,4,7
699,699,GXdu2UQBElaXCPQEAADfM,GXdu2UQBElaXCPQEAADfM,1294342.0,7,7
700,700,GYKfLzwH7c4uLZQEAAAAF,GYKfLzwH7c4uLZQEAAAAF,2494135.0,5,7
701,701,GX-IlSAY7Cp5fKwEAAAB7,GX-IlSAY7Cp5fKwEAAAB7,1238234.0,7,7
702,702,GWZsLWgrEGKKDKwEAAAA7,GWZsLWgrEGKKDKwEAAAA7,673291.0,7,7
703,703,GYO2jXgZ_eVOLNgEAAAgF,,,5,7
704,704,GXd26gwO99sPCwwEAADcZ,GXd26gwO99sPCwwEAADcZ,2493627.0,5,7
705,705,GXdu2SQFMAaXCPQEAADek,GXdu2SQFMAaXCPQEAADek,758540.0,4,7
706,706,GYa5p8QrYuVcRswEAAAAV,GYa5p8QrYuVcRswEAAAAV,989455.0,6,7
707,707,GYWxDhwnBaBG_cgEAAAG0,GYWxDhwnBaBG_cgEAAAG0,618075.0,4,7
708,708,GYme2xwHi0sM0gQEAAAAC,GYme2xwHi0sM0gQEAAAAC,400034.0,3,7
709,709,GYM07SwiuO5PCQAEAAAA7,GYM07SwiuO5PCQAEAAAA7,698748.0,3,7
710,710,GXdu2Twm0MaXCPQEAADe0,GXdu2Twm0MaXCPQEAADe0,1032043.0,7,7
711,711,GXr6_vAd6t5GXWQEAAAKz,GXr6_vAd6t5GXWQEAAAKz,1414457.0,4,7
712,712,GYgP3NwPX5oxvjwEAAAAC,GYgP3NwPX5oxvjwEAAAAC,606205.0,4,7
713,713,GYebhPwuJFUe_IgEAABv9,GYebhPwuJFUe_IgEAABv9,387422.0,5,7
714,714,GYfPcIwy0fXFPmQEAAAA2,,,5,7
715,715,GYoQ2OQ1_UaCDigEAAAGq,GYoQ2OQ1_UaCDigEAAAGq,644145.0,4,7
716,716,GXdu2TwxqEaXCPQEAADe2,GXdu2TwxqEaXCPQEAADe2,1610658.0,7,7
717,717,GVU2g4AhF347DwvwIAURT,GVU2g4AhF347DwvwIAURT,1313217.0,1,7
718,718,GYebd9A21d68hgAEAAAO9,GYebd9A21d68hgAEAAAO9,495951.0,7,7
719,719,GYr0F2Qb8-baDrQEAAAJ6,GYr0F2Qb8-baDrQEAAAJ6,759240.0,1,7
720,720,GV0SzrAzOp5eatgEAAAAj,GV0SzrAzOp5eatgEAAAAj,805113.0,7,7
721,721,GXeOM3Q3vLpuAuwEAADwn,GXeOM3Q3vLpuAuwEAADwn,1317342.0,7,7
722,722,GXdu2Xgfa05uAuwEAADa2,GXdu2Xgfa05uAuwEAADa2,1153947.0,3,7
723,723,GYGd7SQOMgMPDFgEAAAA2,GYGd7SQOMgMPDFgEAAAA2,651131.0,7,7
724,724,GYTqmVAzWYFS6cAEAAAC9,GYTqmVAzWYFS6cAEAAAC9,723183.0,5,7
725,725,GXt_piwUrsJuSkwEAAAml,GXt_piwUrsJuSkwEAAAml,1169360.0,5,7
726,726,GYf2TNwuDg5OMwgEAAAAS,GYf2TNwuDg5OMwgEAAAAS,647726.0,5,7
727,727,GXup_aQMBwgq_tgEAAAGp,GXup_aQMBwgq_tgEAAAGp,492663.0,2,7
728,728,GYDVmsQSP26GLlAEAAAAt,GYDVmsQSP26GLlAEAAAAt,4647960.0,5,7
729,729,GYY1D7wpRJI3CwgEAAAAt,GYY1D7wpRJI3CwgEAAAAt,839522.0,5,7
730,730,GW6PBwQ2egsPDSgEAAAEB,GW6PBwQ2egsPDSgEAAAEB,670699.0,7,7
731,731,GXufwFQjcx8PCwgEAAA95,GXufwFQjcx8PCwgEAAA95,821819.0,7,7
732,732,GYSVMEwEGQsM3gAEAAAAE,,,7,7
733,733,GXdu2ZASzaJuAuwEAADa7,GXdu2ZASzaJuAuwEAADa7,1513112.0,7,7
734,734,GYA7uMgo_tkHDwwEAAAAE,GYA7uMgo_tkHDwwEAAAAE,592086.0,7,7
735,735,GYpkcVgDPXJ_DwgEAAAAK,GYpkcVgDPXJ_DwgEAAAAK,482578.0,7,7
736,736,GYVt_MQGh14BNhAEAAAAS,GYVt_MQGh14BNhAEAAAAS,716952.0,4,7
737,737,GVU2dJQ6anI7DwvwIAT-a,GVU2dJQ6anI7DwvwIAT-a,757943.0,2,7
738,738,GYPIA7Q3VqcMloQEAAAC9,GYPIA7Q3VqcMloQEAAAC9,800916.0,5,7
739,739,GYebhQAerZbeZGAEAABlO,GYebhQAerZbeZGAEAABlO,451005.0,5,7
740,740,GYYAx9wyT8sMpLgEAAAAC,GYYAx9wyT8sMpLgEAAAAC,993090.0,7,7
741,741,GXORIewmyhYDCwgEAAABl,GXORIewmyhYDCwgEAAABl,690572.0,7,7
742,742,GVU2buQZYqY7DwvwIAT3Y,GVU2buQZYqY7DwvwIAT3Y,816568.0,2,7
743,743,GX9uU9AwB_sILwgEAAAGu,GX9uU9AwB_sILwgEAAAGu,2088913.0,7,7
744,744,GYGNQawXre1PDwgEAAAAC,GYGNQawXre1PDwgEAAAAC,1247747.0,4,7
745,745,GYPW0-A4V68MloQEAAAEX,GYPW0-A4V68MloQEAAAEX,698724.0,5,7
746,746,GYPXEhQg3DFbCwwEAAADm,GYPXEhQg3DFbCwwEAAADm,3172288.0,4,7
747,747,GYM0_fwCELZ6MwwEAAAAL,GYM0_fwCELZ6MwwEAAAAL,866343.0,7,7
748,748,GXmf4DA8Y5iLCHAEAABwK,GXmf4DA8Y5iLCHAEAABwK,2599871.0,7,7
749,749,GXJvHGgUz5IG6gAEAAAFS,GXJvHGgUz5IG6gAEAAAFS,612007.0,3,7
750,750,GXmfmXAupMSLCHAEAABvs,GXmfmXAupMSLCHAEAABvs,734849.0,3,7
751,751,GYM0_cgm1X5y4wgEAAABG,GYM0_cgm1X5y4wgEAAABG,1425680.0,3,7
752,752,GYvWC_QIwmK3CwwEAAALq,GYvWC_QIwmK3CwwEAAALq,753817.0,1,7
753,753,GWo76aAVu6JpWqgEAAANC,GWo76aAVu6JpWqgEAAANC,996402.0,4,7
754,754,GYLAFWwLOHJKRSAEAAACT,GYLAFWwLOHJKRSAEAAACT,505899.0,1,7
755,755,GYPByzgYje6uLKAEAAAAI,GYPByzgYje6uLKAEAAAAI,856776.0,7,7
756,756,GYJnGmQy-uqyBmgEAAAAZ,GYJnGmQy-uqyBmgEAAAAZ,3372051.0,4,7
757,757,GYPnW_g1iBRtyswEAAABM,GYPnW_g1iBRtyswEAAABM,675389.0,7,7
758,758,GXdu2TwV8XaXCPQEAADev,GXdu2TwV8XaXCPQEAADev,11947580.0,5,7
759,759,GV-BPaQSKT8JMwwEAAACP,GV-BPaQSKT8JMwwEAAACP,1159903.0,4,7
760,760,GYM09_wI0UYahwwEAAABN,GYM09_wI0UYahwwEAAABN,1242912.0,5,7
761,761,GYRsFEQHTQ7iVuQEAAANV,GYRsFEQHTQ7iVuQEAAANV,614251.0,5,7
762,762,GWGwlTQs5NJyXCQEAAABY,GWGwlTQs5NJyXCQEAAABY,879150.0,4,7
763,763,GYMpBTACS-a00qQEAAAAQ,,,4,7
764,764,GYa6JsAJ83sJ6rAEAAABB,GYa6JsAJ83sJ6rAEAAABB,568600.0,4,7
765,765,GXwOYEAypSMMxPQEAAAAD,GXwOYEAypSMMxPQEAAAAD,1045661.0,7,7
766,766,GYWc0ugB7BZSJlgEAAAEE,GYWc0ugB7BZSJlgEAAAEE,1308355.0,2,7
767,767,GYFn7uQKwVYW8wwEAAAAL,GYFn7uQKwVYW8wwEAAAAL,658997.0,4,7
768,768,GXRZd8AUueK5TwgEAAAKq,GXRZd8AUueK5TwgEAAAKq,2045655.0,2,7
769,769,GYRtxUwvf1zdFwwEAAAZ4,GYRtxUwvf1zdFwwEAAAZ4,857130.0,5,7
770,770,GWqvX7wxdtyl0YAEAAAFv,GWqvX7wxdtyl0YAEAAAFv,2370543.0,4,7
771,771,GX0aOXAiLMxTCwwEAAANL,GX0aOXAiLMxTCwwEAAANL,5059573.0,2,7
772,772,GXdu2Vgv09KXCPQEAADfZ,GXdu2Vgv09KXCPQEAADfZ,736647.0,4,7
773,773,GX5A8JQnSPQ2QFgEAAAAC,GX5A8JQnSPQ2QFgEAAAAC,7069875.0,5,7
774,774,GXySNGwlni8J6pQEAAAfs,GXySNGwlni8J6pQEAAAfs,532076.0,6,7
775,775,GYfdFywJBJ4m1eAEAAABc,GYfdFywJBJ4m1eAEAAABc,561125.0,4,7
776,776,GYmxRpAtb2sPDwgEAAAC3,GYmxRpAtb2sPDwgEAAAC3,719166.0,3,7
777,777,GV7tzLgeWEoORngEAAACT,GV7tzLgeWEoORngEAAACT,1439992.0,5,7
778,778,GYfikyAX65rM_mgEAAACx,GYfikyAX65rM_mgEAAACx,400645.0,5,7
779,779,GYnQlhA1QVjEvfwEAAAK7,GYnQlhA1QVjEvfwEAAAK7,764209.0,5,7
780,780,GYgqTOQuWtlpXwgEAAAcH,GYgqTOQuWtlpXwgEAAAcH,534025.0,5,7
781,781,GYoQ45Qx9X4ZVSgEAAAET,GYoQ45Qx9X4ZVSgEAAAET,644438.0,6,7
782,782,GYH8W5wtYpsPDwgEAAAAC,GYH8W5wtYpsPDwgEAAAAC,8572516.0,1,7
783,783,GYXhZlwhBpMI_wwEAAAfU,GYXhZlwhBpMI_wwEAAAfU,2035868.0,2,7
784,784,GX07YoQsXl4aMwgEAAAFj,GX07YoQsXl4aMwgEAAAFj,895751.0,7,7
785,785,GYYQM9QcjRj-OcQEAAAEn,GYYQM9QcjRj-OcQEAAAEn,618957.0,5,7
786,786,GYJ6ctgFtgsJnLQEAAAM_,GYJ6ctgFtgsJnLQEAAAM_,608009.0,6,7
787,787,GXdu2SAeB7puAuwEAADZ8,GXdu2SAeB7puAuwEAADZ8,922868.0,5,7
788,788,GW09wqw58HsPDDgEAAADj,GW09wqw58HsPDDgEAAADj,1313822.0,5,7
789,789,GXrHEfQegZY-qmgEAAADp,GXrHEfQegZY-qmgEAAADp,1211129.0,6,7
790,790,GYIyTcQPjNhCqwgEAAAAe,GYIyTcQPjNhCqwgEAAAAe,571627.0,4,7
791,791,GXdu2TwR968PCwwEAADWb,GXdu2TwR968PCwwEAADWb,2650239.0,5,7
792,792,GYtC3iQOnSVCRsAEAAAAC,GYtC3iQOnSVCRsAEAAAAC,784832.0,7,7
793,793,GYVuAFwp9CcNwYgEAAABE,GYVuAFwp9CcNwYgEAAABE,563424.0,2,7
794,794,GYwb7bAZrzgXCwgEAAAeX,GYwb7bAZrzgXCwgEAAAeX,1792802.0,4,7
795,795,GYfmB_QZIFrusCAEAAAAY,GYfmB_QZIFrusCAEAAAAY,393862.0,4,7
796,796,GXnvh5wHKZBtjhQEAAARV,GXnvh5wHKZBtjhQEAAARV,745880.0,7,7
797,797,GXbHrSAgxDoNiYAEAAAbh,GXbHrSAgxDoNiYAEAAAbh,1271001.0,5,7
798,798,GYAcWjwZC0cIyQgEAAAAy,GYAcWjwZC0cIyQgEAAAAy,521126.0,3,7
799,799,GWSMCgA0RkoqXwgEAAACA,GWSMCgA0RkoqXwgEAAACA,510119.0,5,7
800,800,GX9jvhABhtglRwgEAAAB7,GX9jvhABhtglRwgEAAAB7,1355533.0,7,7
801,801,GYEZmpgnTi7CgYgEAAAAV,GYEZmpgnTi7CgYgEAAAAV,1126007.0,5,7
802,802,GXlRywwNdhzC3wwEAABOx,GXlRywwNdhzC3wwEAABOx,889824.0,7,7
803,803,GX0_KAgpf77CttQEAAAJc,GX0_KAgpf77CttQEAAAJc,1593913.0,4,7
804,804,GYKabGAV4LqS1oAEAAABb,GYKabGAV4LqS1oAEAAABb,3215938.0,1,7
805,805,GXGWMpwEZF62uAwEAAAAM,GXGWMpwEZF62uAwEAAAAM,780662.0,2,7
806,806,GYr0GqwyOz5yTjQEAAAAf,GYr0GqwyOz5yTjQEAAAAf,730014.0,3,7
807,807,GVU2cbQuR-1FvjSoJATzx,GVU2cbQuR-1FvjSoJATzx,798268.0,2,7
808,808,GYscW1AsGGkJvwgEAAAAC,GYscW1AsGGkJvwgEAAAAC,826560.0,1,7
809,809,GYnJEnAwSGIqCwgEAAAAS,GYnJEnAwSGIqCwgEAAAAS,664325.0,1,7
810,810,GX0P9SwLUP4vDIQEAAAAe,GX0P9SwLUP4vDIQEAAAAe,2888104.0,2,7
811,811,GYXWDUwSMSb3CMAEAAAFB,GYXWDUwSMSb3CMAEAAAFB,357591.0,5,7
812,812,GXdu2ZAgdEMPCwwEAADXH,GXdu2ZAgdEMPCwwEAADXH,3442309.0,5,7
813,813,GX_dBIw6UfcLCRAEAAAAC,GX_dBIw6UfcLCRAEAAAAC,1485585.0,5,7
814,814,GYLezlwqHdQJ-jQEAAAOS,GYLezlwqHdQJ-jQEAAAOS,825973.0,6,7
815,815,GYWpiCgMRph-wogEAAACo,GYWpiCgMRph-wogEAAACo,408136.0,5,7
816,816,GYF4dpAxh_sLCOQEAAAPS,,,5,7
817,817,GXboXTwerO6OqkAEAAAhq,GXboXTwerO6OqkAEAAAhq,681668.0,7,7
818,818,GYOia7gvgEmqcpgEAAAAW,GYOia7gvgEmqcpgEAAAAW,436867.0,1,7
819,819,GYZ1sOQOynpFErQEAAAAC,GYZ1sOQOynpFErQEAAAAC,1345443.0,2,7
820,820,GWv8nMAXkHzWlqwEAAAEM,GWv8nMAXkHzWlqwEAAAEM,626232.0,1,7
821,821,GYkHOBgL5O4CUwgEAAAAH,GYkHOBgL5O4CUwgEAAAAH,583634.0,4,7
822,822,GYPIAVwQo7MMloQEAAAC3,GYPIAVwQo7MMloQEAAAC3,682190.0,7,7
823,823,GXBkSKQYrrFa1lwEAAAP2,GXBkSKQYrrFa1lwEAAAP2,472560.0,5,7
824,824,GXdhgdgRUDJuAuwEAADWC,GXdhgdgRUDJuAuwEAADWC,1023186.0,4,7
825,825,GYEZp7wv3PFNciwEAAAAZ,GYEZp7wv3PFNciwEAAAAZ,1534189.0,4,7
826,826,GYkyJeQh66sLDwwEAAAEn,GYkyJeQh66sLDwwEAAAEn,324021.0,5,7
827,827,GXdu2RQx1ipuAuwEAADZ6,GXdu2RQx1ipuAuwEAADZ6,1360723.0,7,7
828,828,GX72QuwdZ0yGqwgEAAAY4,GX72QuwdZ0yGqwgEAAAY4,2295762.0,2,7
829,829,GXrGVHA7FCLfDNQEAAAC8,GXrGVHA7FCLfDNQEAAAC8,812103.0,6,7
830,830,GWSL-BAzenRqGggEAAABR,GWSL-BAzenRqGggEAAABR,657004.0,7,7
831,831,GXtmBXQ6ITMPCwgEAAAWe,GXtmBXQ6ITMPCwgEAAAWe,747967.0,5,7
832,832,GW5-qbA3XX7WSWQEAAAGU,GW5-qbA3XX7WSWQEAAAGU,528854.0,2,7
833,833,GXSycfgtb8k6olAEAAA7_,GXSycfgtb8k6olAEAAA7_,322786.0,5,7
834,834,GXdu2UAA5zMPCwwEAADWg,GXdu2UAA5zMPCwwEAADWg,1260582.0,7,7
835,835,GX8VicwIYG8LCNwEAAAFT,GX8VicwIYG8LCNwEAAAFT,731519.0,2,7
836,836,GXxWbrQ5gmZpiwwEAAAkN,GXxWbrQ5gmZpiwwEAAAkN,2193304.0,4,7
837,837,GXt6YvwBFy8PCwgEAAAoi,GXt6YvwBFy8PCwgEAAAoi,1315840.0,5,7
838,838,GYebTtARJAcI4NQEAAAM7,GYebTtARJAcI4NQEAAAM7,495599.0,1,7
839,839,GYKRSWAm0EZPCwwEAAADv,GYKRSWAm0EZPCwwEAAADv,896828.0,1,7
840,840,GXxcJRAyVPMNqwwEAAAAL,GXxcJRAyVPMNqwwEAAAAL,695273.0,1,7
841,841,GYJ59Qgz_W56uswEAAALC,GYJ59Qgz_W56uswEAAALC,536940.0,4,7
842,842,GXBkP0wqeukS7iQEAAAI4,GXBkP0wqeukS7iQEAAAI4,1081742.0,4,7
843,843,GXjtShwFsq47CZgEAABBq,GXjtShwFsq47CZgEAABBq,1168877.0,3,7
844,844,GYr4Mfgw8l8J-lwEAAAAC,GYr4Mfgw8l8J-lwEAAAAC,723260.0,1,7
845,845,GYEEGBAUseGoDLQEAAAAC,GYEEGBAUseGoDLQEAAAAC,609003.0,7,7
846,846,GYoajpQ25IIjCwgEAAAAM,GYoajpQ25IIjCwgEAAAAM,326051.0,3,7
847,847,GXsUzqAHp-UCxkQEAAAAa,GXsUzqAHp-UCxkQEAAAAa,1305590.0,3,7
848,848,GV7tzhwDxUMPDWwEAAABm,GV7tzhwDxUMPDWwEAAABm,578320.0,4,7
849,849,GYnw6PgH4rIixlgEAAAAC,GYnw6PgH4rIixlgEAAAAC,439232.0,2,7
850,850,GYdu9fgvBMG6rwgEAAAGf,GYdu9fgvBMG6rwgEAAAGf,339148.0,3,7
851,851,GVzYgswXBCJWhkAEAAAD_,GVzYgswXBCJWhkAEAAAD_,470128.0,3,7
852,852,GX-y3ZgaJBMI1TwEAAAAJ,GX-y3ZgaJBMI1TwEAAAAJ,1250122.0,5,7
853,853,GYNECZgdlJrKSpgEAAABh,GYNECZgdlJrKSpgEAAABh,568567.0,5,7
854,854,GYWgsZw8FNhmKiwEAAABn,GYWgsZw8FNhmKiwEAAABn,361342.0,5,7
855,855,GYffFEQSbGoDDTAEAAABB,GYffFEQSbGoDDTAEAAABB,168533.0,5,7
856,856,GYddBzgGNdQPCwgEAAABu,GYddBzgGNdQPCwgEAAABu,430017.0,4,7
857,857,GYCF3-AxmF7-0pAEAAAAR,GYCF3-AxmF7-0pAEAAAAR,859704.0,4,7
858,858,GXyMkLAvVQo6vcwEAAAO6,GXyMkLAvVQo6vcwEAAAO6,627206.0,7,7
859,859,GYehsxwYHGbgiGgEAAAAC,GYehsxwYHGbgiGgEAAAAC,342943.0,5,7
860,860,GYmkICABdspzCwgEAAAAI,,,3,7
861,861,GYlBRpQSlXox_gAEAAAAw,GYlBRpQSlXox_gAEAAAAw,343129.0,3,7
862,862,GX3Tifw4gsyjDDgEAAAHE,GX3Tifw4gsyjDDgEAAAHE,841241.0,6,7
863,863,GYfmomgLdvsPCwwEAAAKe,GYfmomgLdvsPCwwEAAAKe,600895.0,3,7
864,864,GYN9QKg7JioQmqAEAAAAE,GYN9QKg7JioQmqAEAAAAE,506405.0,5,7
865,865,GYdeRFQy2mcNNwwEAAAAT,GYdeRFQy2mcNNwwEAAAAT,340363.0,4,7
866,866,GYjS1XAAO4MPCwgEAAABL,GYjS1XAAO4MPCwgEAAABL,495199.0,4,7
867,867,GYbs1uAhXzxeqrwEAAALx,GYbs1uAhXzxeqrwEAAALx,601898.0,4,7
868,868,GYOia0An1zFOLNgEAAAWz,GYOia0An1zFOLNgEAAAWz,593241.0,4,7
869,869,GYfl7pQ2HhcPCBQEAAAFr,GYfl7pQ2HhcPCBQEAAAFr,611224.0,2,7
870,870,GYOwrVASFEQaPjwEAAAAC,,,2,7
871,871,GX_NAWQtssKHDwwEAAAAL,GX_NAWQtssKHDwwEAAAAL,2962538.0,2,7
872,872,GWSMB8gBEfBqGggEAAACA,GWSMB8gBEfBqGggEAAACA,537619.0,3,7
873,873,GYZ9MrgqYWBq0wwEAAAAF,GYZ9MrgqYWBq0wwEAAAAF,1715190.0,5,7
874,874,GYmFp9ATv1JSBmwEAAACW,GYmFp9ATv1JSBmwEAAACW,555949.0,2,7
875,875,GYiYYNAnpzcLDwgEAAAFI,GYiYYNAnpzcLDwgEAAAFI,392153.0,2,7
876,876,GYtrYcQqGpUqupQEAAAp5,GYtrYcQqGpUqupQEAAAp5,426129.0,7,7
877,877,GXLotgQNKy7SHgAEAAAJw,GXLotgQNKy7SHgAEAAAJw,636420.0,2,7
878,878,GWt98Rwq2Q7C7nAEAAAAa,GWt98Rwq2Q7C7nAEAAAAa,1748975.0,5,7
879,879,GYjOW6A4EQkmkjAEAAAAD,GYjOW6A4EQkmkjAEAAAAD,395600.0,4,7
880,880,GX7_dBQJHuaipuAEAAAAE,GX7_dBQJHuaipuAEAAAAE,2503630.0,2,7
881,881,GVgAkCwqvcoOzkt8IAAAC,GVgAkCwqvcoOzkt8IAAAC,433839.0,2,7
882,882,GYKRNVQzMQDZxYQEAAABX,GYKRNVQzMQDZxYQEAAABX,329466.0,4,7
883,883,GXtqz7QCD4MPCwgEAAAan,GXtqz7QCD4MPCwgEAAAan,798765.0,7,7
884,884,GXajjjg4yklOfqwEAAAjT,GXajjjg4yklOfqwEAAAjT,515842.0,7,7
885,885,GX9qfngPiPK3DYQEAAADC,GX9qfngPiPK3DYQEAAADC,1368621.0,6,7
886,886,GYgqJBAq6cMNevAEAAABP,GYgqJBAq6cMNevAEAAABP,433793.0,5,7
887,887,GXfAhgwnrW8J_LwEAAAHS,GXfAhgwnrW8J_LwEAAAHS,728059.0,2,7
888,888,GYshbYwZuM8LCwgEAAAV5,GYshbYwZuM8LCwgEAAAV5,571941.0,3,7
889,889,GYagpBgLdl8PDwgEAAAAs,GYagpBgLdl8PDwgEAAAAs,913574.0,5,7
890,890,GYi9QDAYw36vDwwEAAAB6,GYi9QDAYw36vDwwEAAAB6,320642.0,5,7
891,891,GYA8U1AgYHbrDwgEAAABM,GYA8U1AgYHbrDwgEAAABM,689888.0,3,7
892,892,GYkHO4wh0Ea24wgEAAALn,GYkHO4wh0Ea24wgEAAALn,626917.0,7,7
893,893,GYGM9oAgwhazCwgEAAACX,GYGM9oAgwhazCwgEAAACX,1008261.0,4,7
894,894,GVU25dApblo7DwvwIAWFD,GVU25dApblo7DwvwIAWFD,640237.0,4,7
895,895,GYw4CYwzBT4i8LgEAAAAC,GYw4CYwzBT4i8LgEAAAAC,512518.0,2,7
896,896,GYBxy6AZwz8MDkwEAAAAK,GYBxy6AZwz8MDkwEAAAAK,1199472.0,4,7
897,897,GYl7EagpS5q6vjgEAAAAv,GYl7EagpS5q6vjgEAAAAv,335062.0,4,7
898,898,GYbzJbQqVUbepjgEAAAAi,GYbzJbQqVUbepjgEAAAAi,392722.0,5,7
899,899,GYAdflwB3q8LDDgEAAAAC,GYAdflwB3q8LDDgEAAAAC,584905.0,1,7
900,900,GYVt-rgjCUsMrZgEAAADj,GYVt-rgjCUsMrZgEAAADj,861788.0,4,7
901,901,GXdu2TwrCwZuAuwEAADaR,GXdu2TwrCwZuAuwEAADaR,875071.0,7,7
902,902,GXyIOMgXkX528vgEAAAJF,GXyIOMgXkX528vgEAAAJF,1097360.0,4,7
903,903,GXrHrgQ1uSImBSgEAAABR,GXrHrgQ1uSImBSgEAAABR,1727566.0,5,7
904,904,GXdu2Vg1tw5uAuwEAADat,GXdu2Vg1tw5uAuwEAADat,590991.0,4,7
905,905,GYHFJXwGB1pCDVQEAAAEb,GYHFJXwGB1pCDVQEAAAEb,486662.0,1,7
906,906,GYi9TYAF1WoGimwEAAABi,GYi9TYAF1WoGimwEAAABi,385213.0,5,7
907,907,GYLe9dQCxrMIJwgEAAAPi,GYLe9dQCxrMIJwgEAAAPi,478987.0,7,7
908,908,GXORIhQilXsLDwgEAAAT4,GXORIhQilXsLDwgEAAAT4,451609.0,1,7
909,909,GYSVYzwVxyKvDwgEAAAAg,GYSVYzwVxyKvDwgEAAAAg,329512.0,7,7
910,910,GWIe9ngfRdbeZjQEAAADH,GWIe9ngfRdbeZjQEAAADH,820945.0,2,7
911,911,GYK0ohgaan1bCCQEAAAAD,GYK0ohgaan1bCCQEAAAAD,540390.0,7,7
912,912,GYVt7vwXd7XrCwwEAAAAe,GYVt7vwXd7XrCwwEAAAAe,396435.0,3,7
913,913,GYRU8EQMkiJwkkgEAAAAO,GYRU8EQMkiJwkkgEAAAAO,310096.0,7,7
914,914,GYuHGcw6H6sM6rwEAAAAC,GYuHGcw6H6sM6rwEAAAAC,377491.0,2,7
915,915,GXJviOAyk84G6gAEAAAIV,GXJviOAyk84G6gAEAAAIV,1008667.0,1,7
916,916,GXdu2RQA0bMPCwwEAADWT,GXdu2RQA0bMPCwwEAADWT,910041.0,7,7
917,917,GXc2aIw5CyqXCPQEAAAjl,GXc2aIw5CyqXCPQEAAAjl,456738.0,6,7
918,918,GXbHqGgyJlXepwwEAAAYZ,GXbHqGgyJlXepwwEAAAYZ,579195.0,5,7
919,919,GXrHntwFQ8YmBSgEAAAAC,GXrHntwFQ8YmBSgEAAAAC,458984.0,3,7
920,920,GYou-DwBAo6SLwwEAAAAL,GYou-DwBAo6SLwwEAAAAL,696754.0,4,7
921,921,GX9j09ALOCAlRwgEAAACg,GX9j09ALOCAlRwgEAAACg,872972.0,7,7
922,922,GYh6iewdUGpWzZgEAAAKc,GYh6iewdUGpWzZgEAAAKc,425689.0,5,7
923,923,GXy2iyAmblwLCOAEAAAZW,GXy2iyAmblwLCOAEAAAZW,1624216.0,2,7
924,924,GYofedwDFhTqZiwEAAACJ,GYofedwDFhTqZiwEAAACJ,298736.0,3,7
925,925,GXwNt5w5A4LnDHQEAAAPX,GXwNt5w5A4LnDHQEAAAPX,1359494.0,4,7
926,926,GXnuAOgOxp4CgwwEAAA0l,GXnuAOgOxp4CgwwEAAA0l,671633.0,7,7
927,927,GYDkuOwfbWMLCwwEAAAAl,GYDkuOwfbWMLCwwEAAAAl,554747.0,3,7
928,928,GXt504QBYPZuSkwEAAAhg,GXt504QBYPZuSkwEAAAhg,759937.0,4,7
929,929,GYsckDQ5AmsNewgEAAAL6,GYsckDQ5AmsNewgEAAAL6,550696.0,5,7
930,930,GXSyb8gK2Qk6olAEAAAZB,GXSyb8gK2Qk6olAEAAAZB,383747.0,5,7
931,931,GX5nrOA5jvaV2wgEAAABT,GX5nrOA5jvaV2wgEAAABT,507888.0,2,7
932,932,GYh1MIA1UEkeawgEAAABg,GYh1MIA1UEkeawgEAAABg,324584.0,2,7
933,933,GX-zqnAVh8cNvuwEAAAAQ,GX-zqnAVh8cNvuwEAAAAQ,1336643.0,5,7
934,934,GXdu2UQAP-qXCPQEAADfL,GXdu2UQAP-qXCPQEAADfL,1067045.0,4,7
935,935,GYnGejwfB0JN_YgEAAAA2,GYnGejwfB0JN_YgEAAAA2,508125.0,4,7
936,936,GYoRtBwrsi47DaAEAAAAC,,,4,7
937,937,GWPUe_AuML52-hAEAAAAJ,GWPUe_AuML52-hAEAAAAJ,1656039.0,4,7
938,938,GYiDXlgDabmOwaQEAAAAE,GYiDXlgDabmOwaQEAAAAE,523110.0,6,7
939,939,GYgHZ2wQpksI0GwEAAAFW,,,6,7
940,940,GYK6A0wdFMsMdJgEAAAAJ,GYK6A0wdFMsMdJgEAAAAJ,2106880.0,2,7
941,941,GVU3sjgFH1lFvjSoJAZbZ,GVU3sjgFH1lFvjSoJAZbZ,974564.0,2,7
942,942,GXelwfAJJ2kytlAEAAAfk,GXelwfAJJ2kytlAEAAAfk,785299.0,5,7
943,943,GYh6hRAW9jIyeHgEAAAAC,GYh6hRAW9jIyeHgEAAAAC,419645.0,5,7
944,944,GYddCPAUUP26rwgEAAACC,GYddCPAUUP26rwgEAAACC,482615.0,5,7
945,945,GYF5LGArS1MPDwgEAAABj,GYF5LGArS1MPDwgEAAABj,520265.0,4,7
946,946,GYbQBKgXS6L6udwEAAAVE,GYbQBKgXS6L6udwEAAAVE,465408.0,2,7
947,947,GYYl1Xggu04cswgEAAAD9,GYYl1Xggu04cswgEAAAD9,660160.0,5,7
948,948,GW0-RIgoFi8PDDgEAAAEG,GW0-RIgoFi8PDDgEAAAEG,521618.0,5,7
949,949,GYiwAhwRSjLqgwwEAAAAG,GYiwAhwRSjLqgwwEAAAAG,601280.0,4,7
950,950,GYbvp6wbgHawYwwEAAAAR,GYbvp6wbgHawYwwEAAAAR,444028.0,5,7
951,951,GXdXnowtVHaXCPQEAACIq,GXdXnowtVHaXCPQEAACIq,469351.0,3,7
952,952,GYgQ5LQd1QYbDwwEAAAAd,GYgQ5LQd1QYbDwwEAAAAd,301154.0,5,7
953,953,GYILOGQCngUCCrwEAAAAC,GYILOGQCngUCCrwEAAAAC,603117.0,7,7
954,954,GWguMbQmyTa3CwgEAAAEW,GWguMbQmyTa3CwgEAAAEW,429774.0,5,7
955,955,GXtleOQWhRcPCwgEAAAU7,GXtleOQWhRcPCwgEAAAU7,1175107.0,5,7
956,956,GYGd7MAOfr8PDFgEAAAAs,GYGd7MAOfr8PDFgEAAAAs,518142.0,7,7
957,957,GX23urwuo4MNYwwEAAAPq,GX23urwuo4MNYwwEAAAPq,1013263.0,2,7
958,958,GYkborAsQ_MPCwgEAAAAj,GYkborAsQ_MPCwgEAAAAj,427702.0,1,7
959,959,GYC6ZiwvKE8LCMQEAAAAG,GYC6ZiwvKE8LCMQEAAAAG,858817.0,4,7
960,960,GYkHO9w510YNYlwEAAAAo,GYkHO9w510YNYlwEAAAAo,494596.0,7,7
961,961,GYR0XEAt6Q4jDwgEAAAbB,GYR0XEAt6Q4jDwgEAAAbB,2199349.0,2,7
962,962,GWOKOpgIP3qKJvAEAAAHh,GWOKOpgIP3qKJvAEAAAHh,520735.0,5,7
963,963,GXxYYzwyJmrnDHQEAAAsm,GXxYYzwyJmrnDHQEAAAsm,752853.0,6,7
964,964,GYd3V0wmm2rcxwgEAAAAC,GYd3V0wmm2rcxwgEAAAAC,366941.0,5,7
965,965,GYWgsPwrEl37DwgEAAAB2,GYWgsPwrEl37DwgEAAAB2,718942.0,1,7
966,966,GYRVK5Q2yAGGsngEAAAEY,GYRVK5Q2yAGGsngEAAAEY,967385.0,2,7
967,967,GYpAECwsBnEeuFgEAAADK,GYpAECwsBnEeuFgEAAADK,442326.0,7,7
968,968,GYw4y-Ax80BbDwwEAAAhs,GYw4y-Ax80BbDwwEAAAhs,481299.0,2,7
969,969,GYJGWzgkZHQahBAEAAAAC,GYJGWzgkZHQahBAEAAAAC,474587.0,3,7
970,970,GYMzEGg049ruJvQEAAAAW,GYMzEGg049ruJvQEAAAAW,4724205.0,1,7
971,971,GYGd7MAnjl8PDFgEAAAAv,GYGd7MAnjl8PDFgEAAAAv,489985.0,7,7
972,972,GX9jyGQI8ZwlRwgEAAACB,GX9jyGQI8ZwlRwgEAAACB,1213714.0,7,7
973,973,GYQk1_Av2PbCPhwEAAACa,GYQk1_Av2PbCPhwEAAACa,351522.0,2,7
974,974,GXeOMygasxJuAuwEAADwS,GXeOMygasxJuAuwEAADwS,964019.0,7,7
975,975,GYA8XCAO_l8LDcgEAAAHu,GYA8XCAO_l8LDcgEAAAHu,1823751.0,7,7
976,976,GXelcGQ2IX0ytlAEAAAep,GXelcGQ2IX0ytlAEAAAep,679783.0,4,7
977,977,GWoSS_AB0jsLCNAEAAACp,GWoSS_AB0jsLCNAEAAACp,591477.0,5,7
978,978,GWguNJQ7h9q3CwgEAAAFJ,GWguNJQ7h9q3CwgEAAAFJ,335990.0,5,7
979,979,GYd4EPQ5paW-jkwEAAAar,GYd4EPQ5paW-jkwEAAAar,315064.0,5,7
980,980,GYiDY3Q2L8qsZQgEAAAC3,GYiDY3Q2L8qsZQgEAAAC3,712047.0,3,7
981,981,GYiDXAQbN4sPCwwEAAACX,GYiDXAQbN4sPCwwEAAACX,460796.0,4,7
982,982,GYJqWgg0ZD780ngEAAAAj,GYJqWgg0ZD780ngEAAAAj,1420952.0,4,7
983,983,GXemTawZSbkytlAEAAAgd,GXemTawZSbkytlAEAAAgd,794401.0,4,7
984,984,GXt53sgIkGsPCwgEAAAnr,GXt53sgIkGsPCwgEAAAnr,1157408.0,7,7
985,985,GWNkfFAFKMWCGAQEAAAEw,GWNkfFAFKMWCGAQEAAAEw,1020259.0,2,7
986,986,GYBxXgQhiVZOnngEAAABj,GYBxXgQhiVZOnngEAAABj,788759.0,7,7
987,987,GYBNhzQ2I76sjwwEAAACt,GYBNhzQ2I76sjwwEAAACt,601310.0,5,7
988,988,GYbvoKAZypcPCwwEAAAMo,GYbvoKAZypcPCwwEAAAMo,320387.0,4,7
989,989,GYQBEaQwta8PCAAEAAAA-,GYQBEaQwta8PCAAEAAAA-,6973095.0,5,7
990,990,GYEZmsANzIMJmwgEAAAAP,GYEZmsANzIMJmwgEAAAAP,552690.0,5,7
991,991,GXsVHyQMqAECxkQEAAABb,GXsVHyQMqAECxkQEAAABb,398523.0,3,7
992,992,GXehIAg0t-8PCwwEAAEH7,GXehIAg0t-8PCwwEAAEH7,549984.0,4,7
993,993,GVU2fVwUV4FFvjSoJAUAV,GVU2fVwUV4FFvjSoJAUAV,529101.0,2,7
994,994,GYQFuVQ5DVYtgwwEAAABz,GYQFuVQ5DVYtgwwEAAABz,410009.0,5,7
995,995,GXwyDDA6FcsPDwgEAAAYu,GXwyDDA6FcsPDwgEAAAYu,594196.0,5,7
996,996,GYh6g_gF7bEfDIgEAAAAT,GYh6g_gF7bEfDIgEAAAAT,376821.0,5,7
997,997,GXzPzfwbR3IiCwgEAAAAS,GXzPzfwbR3IiCwgEAAAAS,2928749.0,2,7
998,998,GYfxGZQr2KWaIwgEAAAAV,GYfxGZQr2KWaIwgEAAAAV,698869.0,4,7
999,999,GV7xdTgGw6MPDWwEAAABG,GV7xdTgGw6MPDWwEAAABG,807618.0,2,7
1000,1000,GV7tzEQnWKYORngEAAACL,GV7tzEQnWKYORngEAAACL,375687.0,5,7
