,title_id,cluster,acquiring_power,title_name
0,GYsYeoAxKH8LCwgEAAAOR,1,17738758.0,House of the Dragon
1,GXKN_xQX5csPDwwEAAABj,3,19389835.0,Euphoria
2,GXr7SEgRi2sLCAAEAAAQu,6,13158816.0,South Park
3,GXdbR_gOXWJuAuwEAACVH,3,11635267.0,Friends
4,GVU2cggagzYNJjhsJATwo,1,15997434.0,Game of Thrones
5,GYiDbSAmIpMNvYAEAAAAI,7,16205823.0,The Batman
6,GXkRjxwjR68PDwwEAABKJ,6,11497910.0,Rick and Morty
7,GXdRsewUPO5uAuwEAABEI,3,9077039.0,The Big Bang Theory
8,GVU2cCgUFTYNJjhsJATuH,2,5234244.0,Last Week Tonight With John Oliver
9,GX5MHsQzwwIuLwgEAAACp,2,12137908.0,The Flight Attendant
10,GYbDO6QFHOsPCwgEAAAMR,2,5165286.0,Winning Time: The Rise of the Lakers Dynasty
11,GYb0FKQLsGIyPfQEAAAAM,5,9417136.0,Peacemaker
12,GV7xwpQNK8MJfPwEAAAG_,1,8439306.0,Westworld
13,GYdYmPQZFO7eZGAEAAAAT,5,8759774.0,Free Guy
14,GWmKDEwGrA8JInwEAAAL6,2,5984132.0,Barry
15,GYij31wBohZA3MQEAAAKa,5,9490771.0,Fantastic Beasts: The Secrets of Dumbledore
16,GYZLijQsvoJKWWQEAAAB6,2,5660398.0,The Gilded Age
17,GYeGXugg4ewPCwgEAABi1,5,8066056.0,The King's Man
18,GYYxBtQFFnmbDBwEAAAAE,3,9640912.0,And Just Like That...
19,GYk93MwWuH4BJoAEAAABu,2,5966204.0,The Staircase
20,GXRuC4gJdpm2YwgEAAAF_,6,5810542.0,The Righteous Gemstones
21,GYfim_QUVfBqboQEAAAC-,4,7329403.0,F9: The Fast Saga
22,GVU2b9AHpHo7DwvwIAT4i,2,8295052.0,The Sopranos
23,GYiaPwAgBBJuGtwEAAAFs,1,6898897.0,Old
24,GYuwmqAnwQZa8kAEAAAE-,1,10432382.0,Elvis
25,GXssCvwxYD76jiAEAAAAy,5,13298698.0,Harry Potter and the Sorcerer's Stone (2001)
26,GXrMEtQ8sromBSgEAAAK1,7,6922574.0,The Boondocks
27,GXodE-Q8aYbDCYwEAAAQT,1,1656325.0,Dune (1984)
28,GYUjdLgBiJp5otAEAAAAJ,1,15651154.0,Dune
29,GYIBToQrPdotpNQEAAAEa,2,5790511.0,Hacks
30,GX0WFcAlf5r5cuAEAAADu,1,7015593.0,Raised by Wolves
31,GYnXC6AfPOsPCwgEAAAAb,3,5823195.0,Father of the Bride
32,GXyINwwZTCZ28vgEAAAIb,3,128604.0,Father of the Bride (1950)
33,GVU2eMAEI2I7DwvwIAUDI,2,3310432.0,Real Time With Bill Maher
34,GXxis0w4EP8N_vAEAAACO,7,4767627.0,Harley Quinn
35,GYh5pMgWVA8LDdQEAAACt,2,3745016.0,We Own This City
36,GYipQZAsSX62ztwEAAAK2,1,5679849.0,Death on the Nile
37,GYf3LzwJV98JifQEAAAAO,2,4118648.0,Our Flag Means Death
38,GXssMIAadRcNMvwEAAAA7,5,10703726.0,Harry Potter and the Chamber of Secrets (2002)
39,GYLAIrgJoPrlNiAEAAADg,6,4408186.0,Impractical Jokers
40,GXdMTbQrnTaXCPQEAAA9W,3,4546902.0,Pretty Little Liars
41,GXssObwqZrVVGwwEAAABI,5,10189217.0,Harry Potter and the Prisoner of Azkaban (2003)
42,GYafcQAb_rbGrOQEAAAAp,5,6543155.0,Nobody
43,GXN3M3Q6SSMLDwgEAAAN7,5,6014094.0,Fantastic Beasts: The Crimes of Grindelwald
44,GYt_9-AbG4b3CaQEAAAy3,5,6618211.0,Moonfall
45,GVU2bygQ1go7DwvwIAT3r,2,5959552.0,Curb Your Enthusiasm
46,GXssOeAtVmlVGwwEAAABR,5,9821011.0,Harry Potter and the Goblet of Fire (2004)
47,GXssTNAEn61VGwwEAAABn,5,5830482.0,Fantastic Beasts and Where to Find Them
48,GWukCJAq-nIuHwwEAAAB4,2,9064063.0,Succession
49,GYgbcAQusfLYbrQEAAAeJ,5,4780764.0,The Forever Purge
50,GX3ZDNQA_j8LCSgEAAAXR,7,3269295.0,Young Justice
51,GYJlJDwG96Q_DwgEAAAA1,5,5967483.0,Jurassic Park
52,GXssPaAiBJ1VGwwEAAABW,5,9141327.0,Harry Potter and the Order of the Phoenix
53,GXl20QAK1sTC3wwEAAB4I,7,3909940.0,Regular Show
54,GYfinBwyKBImYsgEAAACn,5,4975153.0,Halloween Kills
55,GYtrNxwgR9sLCwgEAAAxf,2,2738595.0,Hard Knocks: Training Camp
56,GXssQ0A7HLFVGwwEAAABc,5,8769082.0,Harry Potter and the Half-Blood Prince(2009)
57,GXkyElw3j2J4_wwEAAAQa,7,3976615.0,The Amazing World of Gumball
58,GVU2cAAPSJoNJjhsJATt6,3,4995770.0,Sex and the City
59,GXmAuwAxxXp4_wwEAACh0,7,3973758.0,Adventure Time
60,GYeB2LgKJ1cIOjAEAAABQ,1,4403959.0,Kimi (2022)
61,GYFEzmwNES16GkQEAAAAC,5,18089729.0,Godzilla vs. Kong
62,GXyL-rA27qcJ6pQEAAADP,3,4603362.0,Young Sheldon
63,GYjCvngVdSMN1qAEAAABb,3,2988977.0,The Time Traveler's Wife
64,GYTt7RAvZw7gTsAEAAAHi,5,,The Suicide Squad
65,GYOxtow3Wz8PDwgEAAAdw,5,16550315.0,The Suicide Squad
66,GYip0jQfJ7MPDDQEAAAAD,2,2434306.0,Julia
67,GX_Z4kAgTsrqkwgEAAAAC,5,8434964.0,Aquaman
68,GYilRbQBlfrurwgEAAAH0,2,2885912.0,Tokyo Vice
69,GYV3u-gHh-C9FwgEAAACd,7,2615737.0,Teen Titans Go!
70,GYK0xWAMIRXXCMAEAAAB4,7,,Teen Titans Go!
71,GYabfeQrMwLqFugEAAAAC,5,7140440.0,Hitman's Wife's Bodyguard
72,GXssRwQHfmVVGwwEAAABi,5,8141213.0,Harry Potter and the Deathly Hallows: Part 1
73,GX07YPQvW3nOVpQEAAAEs,4,5482315.0,Friday
74,GYdXd4AKw_FOmOwEAAAAd,6,2114422.0,Smiling Friends
75,GYiSBwQfVTLurwgEAAAAX,2,2232236.0,Minx
76,GX-EdhwKKy5rDwwEAAACK,3,4061738.0,Gossip Girl (2007)
77,GYR1YhQ7-C7iVuQEAAAj-,4,6454278.0,We're the Millers
78,GXssRwQESq8NMvwEAAABY,5,7697895.0,Harry Potter and the Deathly Hallows: Part 2
79,GYXB0OgEQO5OhegEAAAAl,3,8149943.0,King Richard
80,GYKa28QwIF8NomgEAAABL,5,3494409.0,Pacific Rim
81,GYw48owR8pBbDwwEAAAh0,7,5969219.0,DC League of Super-Pets
82,GYLj_pwCqzwijjwEAAADY,4,6422202.0,White Chicks (Unrated & Uncut)
83,GYVeCIAJuVLfCIgEAAABV,7,2325377.0,Martin
84,GYOiavAjigxOXUQEAAAXb,5,2752346.0,Dracula Untold
85,GYptg9wzmqLevngEAAAAC,2,2526735.0,The Rehearsal
86,GYGblLA0E-cNMCwEAAAAa,5,4282652.0,Beetlejuice
87,GYd9PZAt4esLDJwEAAAAK,1,3376078.0,Nightmare Alley
88,GYqM-cQPaAKeUiwEAAAAC,3,2613769.0,Pretty Little Liars: Original Sin
89,GYf0z_wyIUiisRgEAAAAl,5,3031538.0,The Night House
90,GXouLWwp8MsPDIgEAAAqT,7,3146717.0,Sesame Street
91,GYc3xuwu2x5rCFgEAAALb,3,6525276.0,The Fallout
92,GYd9P0QTRLMLDJwEAAAAP,5,2876212.0,Antlers
93,GXdLWQgqPHKXCPQEAAAxk,7,5647569.0,The Fresh Prince of Bel-Air
94,GYGYKfQwaKLheqwEAAAEC,7,16653954.0,Mortal Kombat
95,GYGQBcwsaCIW2XgEAAAAL,7,1246305.0,Mortal Kombat
96,GYDAnZgCFQ8IJpQEAAAAN,5,15410017.0,Zack Snyder's Justice League
97,GXnzXWA8PcFSpjQEAAATH,1,3870415.0,Doctor Who
98,GYBGr4g3rm0aqkwEAAACd,4,7171479.0,Get Hard
99,GYrIprARPDYyFwwEAAAAE,7,1875499.0,Rap Sh!t
100,GYOSUnARCGWWmcAEAAAAC,7,13241870.0,Space Jam: A New Legacy
101,GXm_gJg34lp4_wwEAAEZI,7,4376490.0,Teen Titans
102,GYcyguwlW6MLDBAEAAAIr,4,,The Other Woman
103,GYoQ3DQbNZ7jCAAEAAADy,4,2813001.0,The Other Woman
104,GXozhGwOz77DCYwEAABBA,7,4990974.0,Looney Tunes
105,GYM1BXQbxDWqHwgEAAABv,5,4011795.0,The Lost World: Jurassic Park
106,GYhA0QwXRB2quwwEAAACg,1,2783598.0,DMZ
107,GVU2gkAgT4oNJjhsJAUDk,2,4587042.0,The Wire
108,GYoQ20QbgycLDwwEAAAAV,4,3260596.0,The Heat
109,GWPUlwg8AP5hdqgEAAAA9,4,2415605.0,The Accountant
110,GYoakoAc88ojCwgEAAAAP,4,3113333.0,Ride Along
111,GYpd0sACo9rqfUAEAAABf,6,3055488.0,The Bob's Burgers Movie
112,GYLD3_ArixL1sggEAAAHk,2,14036247.0,The White Lotus
113,GXkXIGACM6o-njwEAABv5,5,5523782.0,It Chapter Two
114,GX8auJwgvI5c0wwEAAAAk,7,4302184.0,Courage the Cowardly Dog
115,GYM1B1QloY6m0lwEAAAB1,5,3451640.0,Jurassic Park III
116,GYG9OEApMzVPDfAEAAAAE,5,4265103.0,The Lord of the Rings: The Fellowship of the Ring Extended Edition
117,GX3dOFgSA-4uZmAEAAAAi,2,2795377.0,Industry
118,GYWxDNwOY8omvwgEAAAEf,5,3130244.0,The Hobbit: An Unexpected Journey
119,GWUFY3QmtX6e1iQEAAACP,5,2541077.0,The Incredible Hulk
120,GYROi0AA8XoobiwEAAAAC,7,3434404.0,Shrek the Third
121,GX07ZpgGYrnOVpQEAAAF4,4,3568012.0,Next Friday
122,GYbzvWABDj8LDwgEAAAAp,1,5432415.0,The Last Duel
123,GYN4ywAXUS1OLNgEAAAHg,2,3067893.0,FBOY ISLAND
124,GYbD1_wnm3mDCwgEAAAPM,5,13799321.0,The Matrix: Resurrections
125,GYS_I_wTdDa6NwwEAAAAC,3,2066204.0,Full House
126,GYJn1Ogx__qvDwgEAAAAG,4,1661596.0,The Hangover Part III
127,GYafDvANaBcLDSQEAAAAg,4,2563083.0,The Hangover Part III
128,GXk8fHwihoY7CZgEAACkr,6,2013180.0,Genndy Tartakovsky's Primal
129,GXnEEogAPtp4_wwEAAEvU,5,8379821.0,Suicide Squad
130,GX6QtHQxBD5nCwwEAAAHM,3,6107949.0,Crazy Rich Asians
131,GXdkpqAvyDaXCPQEAADdn,7,5247181.0,The Dark Knight (2008)
132,GVU2cMgPp_VFvjSoJATyY,2,3563145.0,True Blood
133,GX3Uw2AN9CaHCwwEAAALT,1,9238855.0,Titans
134,GX8fnVgocBIZDKQEAAABF,6,3034824.0,JUJUTSU KAISEN
135,GYGbnaQ0VpBfDwwEAAAA-,4,3981744.0,The Hangover Part II
136,GYG9OEAjyvFPDfAEAAAAD,5,3601605.0,The Lord of the Rings: The Two Towers (Extended Edition)
137,GYIjiCAbLFYeedgEAAALM,4,2200861.0,Kick-Ass 2
138,GYnEqqwAqmj3DwwEAAAAD,1,2622872.0,The Card Counter
139,GYeIGRgs-hpuFSgEAAACC,2,2095043.0,The Tourist (LWM)
140,GYGtFSQzACaN3kwEAAAAN,4,2375526.0,The Fast and the Furious: Tokyo Drift
141,GYs9EiAMpNKW_rgEAAAAC,7,2746409.0,Abbott Elementary
142,GYZ9zLAJdzsPCwgEAAAAE,7,2911600.0,Alvin and the Chipmunks
143,GYJ6qEgHoVqUOrgEAAAKU,4,3029841.0,Fast & Furious 6
144,GXk2bjADLDp4_wwEAAAUc,7,3684502.0,The Lego Batman Movie
145,GWIeb3gOZ7MMjXQEAAACW,6,2880930.0,American Psycho
146,GYFE2Tg8P-76tMQEAAAAS,2,3038282.0,Made For Love
147,GX9q5dgf0LMILwgEAAAF0,5,7566996.0,Ready Player One
148,GYZ1SZwrtOrZElQEAAAAb,2,1755052.0,Somebody Somewhere
149,GX9q5dgUGL8ILwgEAAAFw,5,5808963.0,Rampage
150,GXcnTGwGNYSRMwgEAAAGK,6,3082869.0,Robot Chicken
151,GXdu2ZAglVJuAuwEAADbA,5,6095021.0,The Lord of the Rings: The Fellowship of the Ring
152,GXLSyOgzhz8N8owEAAAAL,5,2148436.0,Robin Hood (2018)
153,GYGP7iQQpJYC6twEAAAEu,4,3274101.0,Horrible Bosses 2
154,GYp4MpAPtALoDwwEAAAAq,2,2023072.0,Mind Over Murder
155,GYfhwiwlBDcLDwwEAAABQ,6,856077.0,Whose Line Is It Anyway?
156,GYGOrjQfhvKCWowEAAAAE,5,4079440.0,Joker
157,GX07YUgXYUXOVpQEAAAEz,4,3328381.0,Friday After Next
158,GYa6JYAMB9KfDcgEAAABG,5,2057626.0,Riddick
159,GYXBzKw3n5aJmOwEAAAAE,2,6619330.0,The Sex Lives of College Girls
160,GYEZm4Qn1r7CgYgEAAAAb,4,3187487.0,Goodfellas
161,GYagoyQwsSZfCwgEAAAAD,1,2985683.0,Pennyworth: The Origin of Batman's Butler
162,GYL_Z7AW4ppXCCQEAAADa,4,4547427.0,The Hangover
163,GXbGBEw3y6pGYoAEAAAVc,7,1942282.0,Steven Universe
164,GYZWoOQ6F9cLDCAEAAABP,1,4898261.0,Station Eleven
165,GYbvoqgoeYawYwwEAAAAN,7,2772413.0,Injustice
166,GYCwLmAtfyLDDGgEAAAAJ,5,3422451.0,The Lord of the Rings: The Return of the King (Extended Edition)
167,GX8VcRQca5sLDbAEAAAD-,7,2349735.0,Batman: The Animated Series
168,GXk2biwjpCDC3wwEAAAas,5,4199174.0,The Hobbit: The Battle of the Five Armies
169,GXrHanAQBunUYOAEAAAB3,6,4148524.0,Spirited Away
170,GV7xdwg1cosPDWwEAAABT,7,4655778.0,Insecure
171,GXoZVkwh6YrLCwgEAAACJ,7,3202666.0,Tom and Jerry
172,GX9v1Ig7cnhoQwgEAAAAC,5,5624030.0,Geostorm
173,GYQFuQQ6Ira60hQEAAAB2,5,2800324.0,Divergent
174,GYJB-UAPXG4rDKgEAAAAC,5,5468854.0,Shazam!
175,GYJWdiAedXWDDwgEAAABA,4,1809433.0,American Sniper
176,GYPH_IAJTJKaVTAEAAABy,5,4044376.0,Transformers
177,GYY1D2wq6KC92wgEAAAAU,5,2366111.0,2 Guns
178,GYS_1DQ3ANK29TgEAAAAg,2,3356516.0,"The Way Down: God, Greed, and the Cult of Gwen Shamblin"
179,GVU2bpwOunINJjhsJATsb,4,3194073.0,Band of Brothers
180,GYm0w5wSRXaTDYQEAAAD4,1,2387661.0,Last Night In Soho
181,GYmrTxAWpCl3DMgEAAAAC,2,1898576.0,George Carlin's American Dream
182,GYhaucgZnkLtZpAEAAAAC,2,1341955.0,The Baby
183,GYGa0mwMDVcPDwwEAAAFK,4,2134056.0,Lone Survivor
184,GYDQXMgVDW8LDGgEAAAAF,7,3719154.0,The Dark Knight Rises
185,GXrHR0QRNbnUYOAEAAABB,6,3296067.0,Howl's Moving Castle
186,GWt7vKAJzFri8vQEAAAKm,5,4924565.0,It
187,GXtf0UwTqw8JHjQEAAAbT,7,6621594.0,Scoob!
188,GVU2fLgkp0lFvjSoJAT_x,2,2199978.0,Veep
189,GXebONASZ8sPCwwEAAD_C,7,2457217.0,Scooby-Doo Where Are You!
190,GYK0DcgxUPqrCwgEAAAAn,5,3906864.0,San Andreas (2015)
191,GXioWcw71mretvAEAAAD-,4,2409665.0,Dodgeball: A True Underdog Story
192,GXrHpPQvjhomBSgEAAAAZ,5,4219461.0,The Hobbit: The Desolation of Smaug
193,GYO2jXAXCRoMqsQEAAAgv,4,4071922.0,Horrible Bosses
194,GYEkLVAeovrHCwgEAAAAW,3,2279055.0,The Nanny
195,GYW8XhA7iuq27iQEAAAHT,4,1623799.0,The House
196,GYS_3hgKL_avCwwEAAAAe,2,7045445.0,The Many Saints Of Newark
197,GYhfK9AxT1KKnnQEAAADT,3,1793976.0,Moonshot
198,GYF4TjQOX7MLCOQEAAAJ-,5,2060125.0,47 Ronin
199,GYtBD7wfMgnmangEAAAkf,4,2366275.0,Hot Tub Time Machine
200,GYtn7AgK7b8LCwgEAAAwa,2,2388963.0,The Princess
201,GXvuNTw6T2IaEUwEAAAT-,5,5617649.0,Batman V Superman: Dawn of Justice
202,GYOYX9gphVFOLNgEAAAQR,5,3592396.0,The Conjuring: The Devil Made Me Do It
203,GYf0-iQ1eoRKojgEAAAAC,3,2435562.0,West Side Story
204,GXxiTeAijaTFAlwEAAADX,3,2599204.0,Selena + Chef
205,GXSyqxwTkf5VLqQEAABoa,5,2614549.0,The Day After Tomorrow
206,GVU2g_AGQXI7DwvwIAUSp,2,1922159.0,Entourage
207,GX5tdIgP5ILrCwgEAAADH,3,1537166.0,The Middle
208,GX2zTGQW_S8NYwwEAAALK,5,4973685.0,Man of Steel
209,GYKaqKAeYn6S1oAEAAABt,5,2337694.0,Godzilla: King of the Monsters
210,GYnG0mQrJsxuLwgEAAADe,2,1633228.0,Rich & Shameless
211,GX5nwgQDNJZ6aoQEAAAHJ,2,1485108.0,The West Wing
212,GYfiBmALoIU5OwwEAAACw,3,951627.0,Degrassi: The Next Generation
213,GXdu2RQwR0JuAuwEAADZ5,5,3394755.0,The Goonies
214,GYGuJ2wj2VpuzeQEAAAAF,5,3797462.0,R.I.P.D.
215,GXJvkMAU0JIG6gAEAAAIo,2,3932290.0,Chernobyl
216,GXdu2ZAb9oJuAuwEAADa9,7,3850583.0,Scooby-Doo
217,GX-Tu4ge5qAexgwEAAABd,7,2731201.0,The Grim Adventures of Billy & Mandy
218,GYQfFugQ_-MLDwwEAAAAP,4,1509767.0,This Is Where I Leave You
219,GX9KHPw1OIMPCJgEAAAAD,5,16086595.0,Wonder Woman 1984
220,GXyINuQrm9o6vcwEAAAFE,3,2591222.0,Miss Congeniality
221,GYGJAwgdTR0zCwwEAAABM,5,2274267.0,Birds of Prey (and the Fantabulous Emancipation of One Harley Quinn)
222,GXeOM3Q7qcZuAuwEAADwo,7,3193075.0,Batman Begins
223,GXbIIxQb4npGYoAEAAAch,7,1152722.0,Craig of the Creek
224,GYGQHkQKmf6UEpwEAAAAD,4,4811614.0,Rush Hour
225,GYICZAQTd4qopsQEAAAEi,1,2859472.0,Superman & Lois
226,GX8_d8QZmqYudbQEAAAC1,7,3129095.0,"Ed, Edd n Eddy"
227,GYdhCXgGwFIeXwgEAAAAC,6,1858483.0,The French Dispatch
228,GX-IlUgib1sIdmgEAAABv,5,4662248.0,Mad Max: Fury Road
229,GXI-WvQqTfKuWIwEAAAAC,2,1045982.0,Gentleman Jack
230,GYQFtyQxJ5MLCwwEAAABY,2,1398872.0,Black Mass
231,GYgrQ-Awx0zQuHQEAAAAC,4,1762066.0,Kick-Ass
232,GYBmgpwLcl0OLlAEAAAAX,3,2713118.0,13 Going on 30
233,GYXhKzAbBH7GzIwEAAAJG,3,1030698.0,One Tree Hill
234,GX-nzMw1oyZHDwwEAAAN3,3,2866520.0,The Notebook
235,GXbCIvwTBr3epwwEAAAJj,6,2025429.0,Aqua Teen Hunger Force
236,GYnQlhAi63jEvfwEAAAK6,4,1607038.0,Delivery Man
237,GVWIojg4qrMJtGzYJAAXw,3,2300207.0,My Big Fat Greek Wedding
238,GYWxDpQN9Hb47wwEAAAFI,5,2818742.0,Percy Jackson: Sea of Monsters
239,GYGT8zAx-rsLDcwEAAAAs,3,2207896.0,The Vampire Diaries
240,GYiYW1gEfPke9GQEAAAFB,2,1471258.0,Tony Hawk: Until the Wheels Fall Off
241,GW09xJAYCEpFDwgEAAADf,5,3713007.0,The Mummy
242,GYHDtoQijh8LDwgEAAAAC,5,3000495.0,The Purge
243,GXdu2VggtgZuAuwEAADan,5,3737041.0,Constantine(2005)
244,GYJqWqwD8rHiABgEAAAAn,4,4073804.0,Identity Thief
245,GYgboSQtlcJ3CwgEAAAAJ,4,1696880.0,The Break-Up
246,GYrIpwA7XvFrCwgEAAAAE,2,1591625.0,The Last Movie Stars
247,GXtviwAI5ZJuSkwEAAAa4,6,1917597.0,Close Enough
248,GX3UHzAJKPxmDbAEAAAH-,2,1255909.0,Nathan for You
249,GYgQ2mAuk18LCHAEAAAAf,7,1395909.0,Are We Done Yet?
250,GYGazoATo1DzDwwEAAACB,5,1438382.0,Ender's Game
251,GXnEEoQ4sRMNVoAEAAB0c,5,5173496.0,Justice League
252,GXPAj_wlWEYRYKAEAAAC9,4,1439313.0,The Mule
253,GYJCQ2AxuqIrDKgEAAAAD,5,2467125.0,Twister
254,GXr2qigEnPpGXWQEAAAJu,7,3305370.0,Looney Tunes Cartoons
255,GYOjdCwdKNsI-wgEAAAZc,5,1375244.0,Red 2
256,GYOXm8QLp8ECvwgEAAAAC,5,2033680.0,The Divergent Series: Insurgent
257,GYaf79gQvPMPDwgEAAAAH,3,2334707.0,The Eyes of Tammy Faye
258,GXaX2SQF3VJy3wwEAAAFk,5,1742305.0,Hellboy
259,GYeB2ug0fksIOjAEAAABW,3,1200406.0,The Girl Before
260,GYd3Mygq6S2-jkwEAAAZI,7,1144264.0,Scooby-Doo! Mystery Incorporated
261,GXeXFng63dpuAuwEAADzN,5,3738455.0,The Lord of the Rings: The Two Towers
262,GYMM_bgifpcLCYgEAAAAD,4,2390971.0,Tammy
263,GXdu2ZAigOMPCwwEAADXI,5,2033336.0,The Mask
264,GXRt2ogky7r29bAEAAAGe,7,1576148.0,A Black Lady Sketch Show
265,GXrHaagZAIKu9KwEAAAAm,6,2922475.0,My Neighbor Totoro
266,GYGQHnQ66bIW2XgEAAAAy,4,3684694.0,Rush Hour 2
267,GYJxoQQe-gaGSwwEAAAAE,5,2880796.0,The Curse of La Llorona
268,GYQk6nQkFS8NsmgEAAAHA,4,1244424.0,Point Break
269,GX-nzMwc-EaCFpgEAAAMh,5,5883415.0,Kong: Skull Island
270,GYELQiQINcWJggwEAAAAN,5,3576474.0,Godzilla
271,GYR9bMAwCSIbCNAEAAA7_,5,301863.0,Godzilla
272,GYfHjFAGkcr20TQEAAAA1,3,1371728.0,And Just Like That ... The Documentary
273,GXdu2ZAZfFMPCwwEAADXD,7,2525591.0,Scooby-Doo 2: Monsters Unleashed
274,GX3tk8wmzrYVepgEAAACw,6,2592261.0,Reno 911!
275,GXrBDuAniEYC9JwEAAAWV,2,2022034.0,Ghosts
276,GVnRuCAA79Z3Dww0JAADm,7,8698688.0,Dr. Seuss' How the Grinch Stole Christmas (2000)
277,GYoQ54QvXhYZVSgEAAAEZ,7,2020855.0,Rio 2
278,GXk2biw2JrzC3wwEAAAay,7,2669974.0,The Lego Movie
279,GYBBfPA1yZF-wpgEAAAA-,4,3736967.0,Vacation
280,GXrH2TQB_D62brQEAAADU,5,2606578.0,Clash of the Titans
281,GXnEEqw6S3A4eoAEAABiR,5,5387581.0,Wonder Woman
282,GXdu2ZArRxJuAuwEAADbD,5,209105.0,Wonder Woman
283,GVU2xlQZIxY7DwvwIAVgK,2,2973178.0,True Detective
284,GXnAu5AZC5MNVoAEAABvO,1,5904895.0,Doom Patrol
285,GYCVhjQCBs6KfnwEAAAAL,1,834655.0,The Mentalist
286,GYXxsjQhvlsPDDgEAAAAC,3,920659.0,Mike & Molly
287,GYjJrvg7QksLDwgEAAAAG,2,1125839.0,Not So Pretty
288,GXrWweQmaqDmqwwEAAAAm,6,2524360.0,Ponyo
289,GYcIzngboecIvwwEAAAAP,7,900487.0,We Baby Bears
290,GXt52SQtPlcPCwgEAAAmo,5,1708383.0,Journey to the Center of the Earth
291,GYehVtAo9E5jDwwEAAAF0,7,1625911.0,Rango
292,GVU2fQQUZWo7DwvwIAUHo,6,2113475.0,Eastbound & Down
293,GXjtShgurcY7CZgEAABBM,3,2579758.0,Practical Magic
294,GXrR72QhID4ayhAEAAANa,7,2189857.0,Kung Fu Panda
295,GYcy8FgLB_MIvwwEAAAJl,4,1100676.0,Long Shot
296,GXadU9ARQ58McQQEAAAKj,4,97093.0,Long Shot
297,GYbzrRAvf-ZPCKQEAAAAX,5,8604197.0,Harry Potter 20th Anniversary: Return to Hogwarts
298,GX07gpQFBrLCttQEAAAH-,4,2527861.0,Training Day
299,GYe7uAgqQlZyQwgEAAAAf,7,1410458.0,The Help
300,GYHoIhQfoKZiswgEAAAEb,4,1664921.0,"Crazy, Stupid, Love."
301,GYEb9QwLgFF9_ZwEAAAA7,7,9899541.0,Tom and Jerry
302,GYertfwheoomXpgEAAAAb,2,1138728.0,The Invisible Pilot
303,GX42dmQ5Ws2NViQEAAAWr,5,3392554.0,Wrath of the Titans (2012)
304,GYGQHpgtBy5sJwgEAAAAp,4,2931097.0,Rush Hour 3
305,GYn1GYQpzpKtzhQEAAARe,2,1305292.0,Roadrunner: A Film About Anthony Bourdain
306,GX7WPJgqYpLZJwwEAAABu,3,4047563.0,Euphoria Special Episodes
307,GXsRXGAJrtsPDFwEAAAAC,7,1372896.0,Legendary
308,GXwO8LwQUJbnDHQEAAARh,4,2773289.0,Wedding Crashers
309,GYGIgTAWX2Iq-lgEAAAAM,5,1567968.0,Annabelle Comes Home
310,GYEvwdARqEpEIfwEAAAAI,5,6651722.0,Greenland
311,GV4z_-gbJc7fDNQEAAAAj,7,1965998.0,The Adventures of Sharkboy and Lavagirl
312,GXeF-mg4zu8PCwwEAADwj,5,3153983.0,The Lord of the Rings: Return of the King
313,GYJWdJAUshsPCwgEAAABc,5,2276062.0,300
314,GV-BPaQTac7OCwgEAAACM,5,1664671.0,The Divergent Series: Allegiant
315,GX7hX4Qn4isJApgEAAABu,6,2159305.0,Kill Bill: Vol. 1
316,GVU2wKADG81FvjSoJAVPU,1,2197565.0,Rome
317,GYJlNiAoy5bahUgEAAAAg,7,964230.0,What's New Scooby-Doo?
318,GYfw_3AdrqouFhQEAAAAu,7,1254131.0,Coming to America
319,GXnUoBQPflYCgwwEAAAWf,7,1264106.0,The Powerpuff Girls
320,GXkNYoQqHfY-njwEAABaA,7,913528.0,The Powerpuff Girls (2016)
321,GXdu2VgPdq5uAuwEAADak,5,7748661.0,The Matrix
322,GYJwJXgD8sZqpgQEAAAAE,2,1365407.0,Starstruck
323,GYSVE2wbvloPDYQEAAAMg,5,1122845.0,Non-Stop
324,GYoQ27wvYG5K7LgEAAAAX,4,1248041.0,That Awkward Moment
325,GYoLVwA7u6KCDigEAAAEO,4,1260216.0,What Happens in Vegas
326,GWGwm2gpIf6mywwEAAACF,2,2651888.0,Big Little Lies
327,GYIjf4AmYDJGxLwEAAAG2,6,1176501.0,The World's End
328,GYrTLvAbgebSwtQEAAAAC,2,928947.0,The Anarchists
329,GYmcIcA5b-IyOtwEAAAAC,2,1014540.0,Irma Vep
330,GXmfmmgDsdsNVoAEAAACx,3,1901229.0,Selena
331,GYGhpSwCFYsISvQEAAAAH,1,1037343.0,Fringe
332,GXSd6QADIbJVLqQEAAAKz,7,1740663.0,The Lego Movie 2: The Second Part
333,GXdu2VgkiwJuAuwEAADaq,3,1687310.0,Sex and the City
334,GVU2WugfAylFvjSoJATvA,2,1658453.0,Silicon Valley
335,GYHeEcQ0WvMPDwwEAAAAv,3,3090261.0,Clueless
336,GYSbJuAuzchDCwgEAAAAC,4,5106723.0,Cry Macho
337,GYGycuQD6zk8fRwEAAAA3,4,1350412.0,The Switch
338,GWbgzwQweNr6RpQEAAACD,4,4645265.0,The Fast and the Furious
339,GX-oSggYgPbpfoAEAAAAH,1,2392750.0,Snowpiercer
340,GX0gQ9AKAgr5cuAEAAAG_,2,1265047.0,The Great Pottery Throw Down
341,GVdum7wTfVYSRB70IAAGO,3,1935527.0,Ella Enchanted
342,GXdu2RQKDmpuAuwEAADZ2,5,3033087.0,The Conjuring
343,GYIGQrwwl3SfCawEAAAAS,5,1520732.0,Doctor Sleep
344,GYkMhfQ2aisPCIAEAAAAC,2,1150922.0,Bill Maher: #Adulting
345,GXOQx2we-1sLDwgEAAATJ,5,2310161.0,"I, Robot"
346,GYS_EugxEAJOwcAEAAAAi,7,1028905.0,Family Matters
347,GYnl_JQsLosPCwgEAAACs,3,786040.0,Gordita Chronicles
348,GXrHxGQ3L2YmBSgEAAADC,5,4285615.0,Tim Burton's Corpse Bride (2005)
349,GYcy7egTKXZrCFgEAAAKc,1,620337.0,Chuck
350,GYPHVAASCko08owEAAAAC,5,1921972.0,Scary Movie
351,GYRrnlQE76jdFwwEAAAK5,3,1532930.0,She's All That
352,GWDS5CQGSl7DDwgEAAABv,4,1707311.0,My Cousin Vinny
353,GVU2b2A6ZF47DwvwIAT34,1,1689428.0,Deadwood
354,GVdunGAD5D0-PpJIIAALF,7,1650826.0,Bee Movie
355,GYF4g7gugBW6-wgEAAAK7,5,1622675.0,The Legend of Hercules
356,GWAFNfQfXV4m1egEAAAAi,3,1062273.0,My Big Fat Greek Wedding 2
357,GX9jvbwzUa3idqQEAAABQ,5,2805805.0,Charlie and the Chocolate Factory
358,GX9q5dgDUK8ILwgEAAAFs,5,1807590.0,Jack the Giant Slayer
359,GXbDskgCPD3epwwEAAAPe,6,1406644.0,Tacoma FD
360,GX-EBkAX3JSfCSwEAAAAC,6,2319010.0,Pulp Fiction
361,GVU2c9QptjVFvjSoJAT2f,2,1706744.0,Boardwalk Empire
362,GYabavQgP_q3DwwEAAAAl,5,1193145.0,Real Steel
363,GYQFw9wxoGa60hQEAAAF0,4,1042397.0,The Da Vinci Code
364,GXji44gbd1I7CZgEAAAjR,7,1232960.0,We Bare Bears
365,GXdhgdgNOH5uAuwEAADWA,5,2941003.0,The Wizard of Oz
366,GXYUhuQ6aq6nCVgEAAAlR,1,6099813.0,His Dark Materials
367,GYMjs-wY9X7CIhgEAAAAU,2,1314601.0,Wellington Paranormal
368,GXaUfiAsLdZ3DGQEAAACj,7,681147.0,Ben 10
369,GXmmNFAzEJyLCHAEAACDB,7,983689.0,Ben 10
370,GYGbnVgFkgrfCwwEAAAAG,5,2021338.0,Gravity
371,GXnzVfgFjtICgwwEAAA7L,7,2055767.0,Dexter's Laboratory
372,GVU2wmQq7Go7DwvwIAVa7,4,1882544.0,The Pacific
373,GYsYsdg6UUXmangEAAAPk,3,758606.0,Belle
374,GYVuAUw2idWqunAEAAABA,5,2330545.0,The Wolverine
375,GYJ5XTwMdtZ6uswEAAAJz,5,3021399.0,Journey 2: The Mysterious Island
376,GYGX9YAcVV4i0wgEAAACH,3,1162059.0,17 Again
377,GYA9XHQopEqmlqwEAAAAC,7,1229351.0,Justice League
378,GYgVbBgTKRVpXwgEAAADS,1,849819.0,Theodosia
379,GYd5QxgVW0Km7iQEAAAEu,4,1116013.0,3:10 to Yuma
380,GXoTA1gtnCyWbjQEAAACl,4,1275868.0,Good Will Hunting
381,GYA8XCAVNTLrDwgEAAAHU,7,1576676.0,Teen Titans Go! vs. Teen Titans
382,GX_yGHgt75MLDQQEAAAAC,7,1205680.0,The Wayans Bros.
383,GXrHTGwYHRnUYOAEAAABC,6,2173597.0,Kiki's Delivery Service
384,GXBkRLQHnzoa1vAEAAAOq,4,2453934.0,The Bourne Identity
385,GYGazlgjokamulwEAAAEA,4,1298713.0,Easy A
386,GYA80NAFd4LrDwgEAAAID,7,1248221.0,Justice League Unlimited
387,GYG8_bgHgxWvDIwEAAACA,7,2022780.0,That Damn Michael Che
388,GXd_Yewi2pZuAuwEAADwE,4,2206625.0,Ocean's Eleven (2001)
389,GWiGW8wLVo66BwgEAAAAt,1,1757209.0,Gunpowder
390,GYXEIsATvvIJQuwEAAAFB,4,1836300.0,No Country for Old Men
391,GYN49YwBnAGWVwwEAAAKK,5,1555250.0,Scary Movie 2
392,GYVegjQFzllwDoAEAAAC3,7,765455.0,The Jamie Foxx Show
393,GYhUt6QBi47fDDQEAAAIs,2,810228.0,Phoenix Rising
394,GYfxGWwwFjRnCwwEAAAAM,3,800203.0,Dirty Dancing
395,GXuf61QBFTpuSkwEAAA1t,7,1255664.0,Steven Universe Future
396,GYRrl0wWfeobCNAEAAALg,4,2357824.0,The Internship
397,GWbgztg3fzYRYRwEAAAE1,4,3648545.0,2 Fast 2 Furious
398,GYQk8pgy-hsPDHAEAAAIi,6,1398659.0,The Grand Budapest Hotel
399,GYGX9SgLKDsLCXwEAAAAa,7,1915108.0,Daddy Day Care
400,GYLfEVwJyoMIJwgEAAAPl,7,1488248.0,Tyler Perry's Madea Goes to Jail
401,GYGP7bQmbDIC6twEAAAEV,5,2050826.0,Annabelle
402,GXaUfiAsnjJy3wwEAAAC3,2,1629024.0,Miracle Workers
403,GW09wmAYieMPDDgEAAADg,5,2345541.0,"Mummy Returns, The (Movie)"
404,GYBllVQbyTkOLlAEAAAAC,1,5668703.0,THE NEVERS
405,GYjTxLwCPgSiOTwEAAACn,7,997300.0,Jerrod Carmichael: Rothaniel
406,GYQlElwxfew-mWQEAAAPr,4,1116757.0,What to Expect When You're Expecting
407,GYSaKIQwrHruinAEAAABN,5,6289434.0,Malignant
408,GX9jvZQ7mx1y8eAEAAABk,7,2468492.0,Justice League Dark: Apokolips War
409,GYfhfmgz-CoGSwgEAAABl,5,1060226.0,Deep Impact
410,GYf1V5wGHpmHCwwEAAABS,1,1179698.0,Ex Machina
411,GYh5pqwC3YbQkKQEAAACu,1,1244294.0,The Survivor
412,GYkHNUQwYonjDZAEAAAJs,4,1319066.0,Miami Vice
413,GYijk0Qxbh5mGSwEAAAHI,3,1205340.0,Dear Evan Hansen
414,GYOfc7g4t88I7vAEAAAUe,5,1107430.0,Red (2010)
415,GX3ydzQGf0IVepgEAAAFR,6,1814802.0,Key & Peele
416,GXrnLcQzKrR8GwgEAAAAW,5,2413216.0,A Nightmare on Elm Street
417,GXehMOwXZKkytlAEAAARE,5,1900224.0,A Nightmare on Elm Street
418,GYLE5fgQVVcPCOAEAAAAF,3,3643123.0,The Great Gatsby
419,GXa5NxQI8g5GYoAEAAAAm,6,1533849.0,Samurai Jack
420,GYGP7fwpWoYC6twEAAAEX,4,1301119.0,He's Just Not That Into You
421,GYM-IuwM5lKmPwgEAAABs,3,,Euphoria Special Episode Part 2: Jules
422,GXebCtwq1msPCwwEAAD8D,7,1552177.0,The Looney Tunes Show
423,GYJASowV6ksNZqAEAAABT,4,2110205.0,Blades of Glory
424,GYBNiCgZ6D33DwwEAAADE,3,4387532.0,Pitch Perfect
425,GXjtSkAk4KY-njwEAAA83,4,1917473.0,Sherlock Holmes
426,GYq58LwucDkqSLgEAAAAC,2,749322.0,Edge of the Earth
427,GXd2-sQCRRsPCwwEAADce,7,1096963.0,The Scooby-Doo Show
428,GYCiC1Q8picLCfAEAAAAC,2,7800794.0,Mare of Easttown
429,GYDkv6g2_Nq-NwgEAAABV,3,1355001.0,Pride & Prejudice
430,GYkHOEASrHsLCwgEAAAAd,5,1090917.0,Conan the Barbarian
431,GYpn_qwcoS53DZgEAAAAZ,2,1286178.0,Chernobyl: The Lost Tapes
432,GXjhaNQRXiMPDwwEAAABQ,7,1247729.0,Chowder
433,GXmZ1WQgtCSLCHAEAABkh,5,2450878.0,The Shining
434,GYBg7cwYTj8LCZAEAAAAC,7,1032152.0,Are We There Yet?
435,GYnRw_gtlJojCwwEAAAMK,6,531925.0,Tuca & Bertie
436,GYgL2dA6VTaTDwwEAAAAC,7,558158.0,Lucas the Spider
437,GYnErmwCjJmDCEAEAAAAG,6,807752.0,Chef
438,GYEZrWAL807CgYgEAAAAg,4,3751343.0,Norbit
439,GYYv2WQgb5cJirAEAAAAo,1,665176.0,Blade Runner: Black Lotus
440,GYvJrjw1bJncpuQEAAAJF,1,1171046.0,Killer Elite
441,GYpACNA8WdMJTrgEAAADO,4,972537.0,Rambo
442,GXBkQ_gMtBVa1lwEAAAPl,4,1891429.0,The Bourne Supremacy
443,GVU2d_A0NVFFvjSoJAT65,2,1427182.0,Girls
444,GX5chNQ8K2Y6KYQEAAAHj,3,1217867.0,Sex and the City 2
445,GYgYXoQjs2FpXwgEAAAEl,5,973368.0,Hellboy
446,GX-I8owB7gYuxvgEAAAC6,7,1183472.0,Batman Beyond
447,GYbOK1Quvt2uWPQEAAAGG,4,863217.0,Unbroken
448,GYkXc2gRuEbCWIgEAAAAC,7,613216.0,Sesame Street Mecha Builders
449,GXyINwwb5IMJ6pQEAAAAU,3,2324299.0,The Wedding Singer
450,GYYCgIQThE8JvwwEAAAAR,5,995115.0,Ouija
451,GWi7maw3N52G9vAEAAADR,7,981063.0,Johnson Family Vacation
452,GXdu2SQwEIKXCPQEAADeo,5,1880113.0,Austin Powers: International Man of Mystery
453,GYgqAigH6ygPDwgEAAABO,7,838404.0,Tyler Perry's Why Did I Get Married
454,GXrHUCwY3E6u9KwEAAAAO,6,2091684.0,Princess Mononoke
455,GXEIDEwdoeW2-gAEAAAGy,7,921325.0,Teen Titans Go! to the Movies
456,GYME4cgyGt6EnCgEAAAAv,3,4953647.0,Gossip Girl
457,GYdWHXwBh2xnDwwEAAAAF,1,786751.0,Naomi
458,GVrw40gca3MPDwskIAAAN,1,1288714.0,Banshee
459,GYY1DJwPhVTWpwgEAAAAM,1,895913.0,The Counselor
460,GXdu2SghWaZuAuwEAADaD,5,1849795.0,Jonah Hex
461,GX8W5GwzKncLCNwEAAAYf,7,1539573.0,Codename: Kids Next Door
462,GXn6NpwVG7IBKRwEAAAOo,1,2226833.0,Batwoman
463,GXvTTlQwJdcLDGQEAAAMj,3,1142416.0,House of Ho
464,GYkHOsA0Pn5_CwwEAAAAV,4,1111329.0,Terminator 2: Judgement Day
465,GX-N6ygNbA6qdwwEAAAAi,4,3132861.0,Ocean's Eight
466,GYJLPwAnMvbSdwwEAAAD8,3,958843.0,Cold Case
467,GXuu7ygQ61cI9DgEAAAAY,7,2090890.0,Adventure Time: Distant Lands
468,GXbos4w0lSLavMAEAAAwJ,6,983425.0,Squidbillies
469,GYYrPZglAcomBwwEAAAAC,7,1358273.0,Justice Society: World War II
470,GYWxDuQ0M08PDwwEAAADr,6,934331.0,The Truman Show
471,GYhfHhAh4-XVowwEAAAAG,2,669282.0,Undercurrent: The Disappearance of Kim Wall
472,GYcUG1AcpBryLwwEAAADU,5,898756.0,Annabelle: Creation
473,GXt53sgEhS5uSkwEAAAjI,7,5110713.0,Space Jam
474,GYkWyigApiMPCFwEAAAAE,7,870245.0,Marlon Wayans Presents: The Headliners
475,GYPH-TQRrvryIHAEAAABc,5,,Oblivion
476,GYKbsUwLEKIiVwgEAAAAD,5,3018964.0,Oblivion
477,GYEZm7AHZecJjVQEAAAAS,3,1910613.0,Monster-In-Law
478,GW6K_ZQKTARjDwgEAAABA,2,633992.0,My Brilliant Friend
479,GYLfUFgTI8bGLCwEAAAY8,7,1427530.0,Tyler Perry's Madea's Family Reunion
480,GYHd8vAN7YMLCwgEAAABB,4,3029435.0,The 40-Year-Old Virgin
481,GXrH2uwMqh8PCwwEAAAEJ,3,1210628.0,A Cinderella Story
482,GWDWzfA4ZVMLCGAEAAACV,5,1020403.0,The Happening
483,GXORIewS6wMLDwgEAAATw,4,1017149.0,Wild Hogs
484,GYK0oaAva360gRgEAAAAC,7,1215120.0,Tyler Perry’s Diary of a Mad Black Woman
485,GYOiZfAJVGQyytQEAAAAG,4,1104999.0,Snitch
486,GYKabNgFp3cLDwgEAAAA3,4,4498552.0,Freaky
487,GYFEQwAfWoJZmqQEAAAAX,4,1781735.0,Anger Management
488,GYf3L7QQzqsIebgEAAAAK,2,679825.0,Gaming Wall St
489,GYh64XAXve5WzZgEAAAKx,2,,Gaming Wall Street
490,GYSaUdwnk64jCwwEAAADQ,4,887693.0,Little Man
491,GYfilUAJA7sPCBQEAAADe,7,681673.0,The Best Man Holiday
492,GXa-mxg4SNINiYAEAAAF3,2,2079956.0,Search Party
493,GXsUz2gVOs76_CQEAAAB5,3,1095493.0,Another Cinderella Story
494,GVx_dhQi4kmilwgEAAAC9,6,1097947.0,Vice Principals
495,GYnGEUgjJjbnCMAEAAACc,5,952851.0,Daybreakers
496,GX7hXuQrRf4IDjgEAAADt,6,1285988.0,Kill Bill: Vol. 2
497,GX_9fWg3w8KJrugEAAAA2,7,1238819.0,Love & Basketball
498,GYivWaAXEZMLDwwEAAACz,2,669263.0,Brené Brown: Atlas of the Heart
499,GYjIXcQ65xwHCwwEAAAAC,1,595934.0,Please Hold
500,GYGQHzQ0m1ZsJwgEAAAAz,4,1202468.0,Sherlock Holmes: A Game of Shadows
501,GYJARTwDr3Y2KCgEAAAAD,5,1263855.0,Warm Bodies
502,GYrtbnwOx9MLCUgEAAAJl,2,1098815.0,Nikki Glaser: Good Clean Filth
503,GVU2sBQYRs1FvjSoJAU-b,2,1634414.0,Ballers
504,GXeOMyQhfX5uAuwEAADwH,7,1854305.0,Justice League: The Flashpoint Paradox
505,GYJxoQQXAXZqpgQEAAAA3,5,3002668.0,The Nun
506,GX9J2BQiwulmjRAEAAACX,5,2018970.0,The Conjuring 2
507,GYA79hQZbUsI3gQEAAAB0,1,11785707.0,The Little Things
508,GWbg00gQpGp2vpAEAAACR,5,925407.0,The Day the Earth Stood Still
509,GXdhYaQo_YpuAuwEAADV_,7,2308410.0,Batman
510,GYBGuRQslYUaqkwEAAACf,5,1870358.0,Willy Wonka and the Chocolate Factory
511,GYDbevA1fbpvCwgEAAAAN,5,2692163.0,I Am Legend
512,GWNF4aQhF-cMWnQEAAACw,5,831482.0,Babylon A.D.
513,GYfBqiQ1BIKTDAQEAAAAd,6,995160.0,Donnie Darko
514,GWPUluQzwFphdqgEAAAA7,5,1162237.0,The League of Extraordinary Gentlemen
515,GXrHplwuS-sPCwwEAAAAb,7,1171532.0,The Iron Giant
516,GYQFr3g87FMLCwwEAAAA7,4,676737.0,Angels & Demons
517,GXdzQYQCaQ6XCPQEAADiW,7,1703524.0,Justice League vs. Teen Titans
518,GXuOr5Qwi1ZuSkwEAAAxJ,4,925406.0,Get Smart
519,GVU39lQn5347DwvwIAasV,2,102765.0,Into the Storm
520,GYIjcigqlHoeedgEAAABM,2,1373815.0,Into the Storm
521,GYkyoIgLM7IWEpgEAAAAC,5,832597.0,Transporter 3
522,GYEq4eApHYpA4cwEAAAAC,5,7056177.0,Tenet
523,GXtlhCgtvX5uSkwEAAATC,4,2144831.0,Dumb & Dumber
524,GYdYj2gcRB8JjwgEAAAAO,4,745917.0,21 & Over
525,GYLEWLwPOebyJwwEAAAHB,7,559816.0,Total DramaRama
526,GXyINwwT6v46vcwEAAAFv,3,1085770.0,Miss Congeniality 2: Armed and Fabulous
527,GYUAwewus5pWewgEAAAAT,3,671941.0,The Perks of Being a Wallflower
528,GYabfFQHGro1fjQEAAAAC,7,839263.0,Harlem Nights
529,GXctMPAkMMcPCwwEAAAKf,2,1470528.0,Anthony Bourdain: Parts Unknown
530,GYEJ89wviKqiAZgEAAAAe,6,5603596.0,South ParQ Vaccination Special
531,GXxm3BgonKDFAlwEAAAJw,7,1019649.0,Steven Universe the Movie
532,GXdcPuwAQoMPCwwEAACou,2,2356324.0,The Outsider
533,GYLfMkAKh7LyJwwEAAAXU,7,877080.0,Tyler Perry's Madea's Big Happy Family
534,GXrHxIweO4a2brQEAAAC7,3,857210.0,The Time Traveler's Wife
535,GXtlhUA0zrsJHjQEAAAfz,4,1674007.0,The Departed
536,GYRweKAEDH7HDCAEAAAZ7,4,1082990.0,Black Hawk Down
537,GYJH8YgsKHQaSsQEAAAH_,5,703987.0,Source Code
538,GXJvJnAOSVIG6gAEAAAFn,4,1005204.0,12 Strong
539,GX5NuhwXHx52ywgEAAAEP,4,1602743.0,The Shawshank Redemption
540,GYLf7WQi7T8IJwgEAAAP8,3,1546067.0,Maid In Manhattan
541,GXdu2SghwZZuAuwEAADaE,5,1331016.0,Austin Powers In Goldmember
542,GYeB2VgatlMLCdgEAAAAt,2,619973.0,About Last Night
543,GXGWJ8wyZ-K2uAwEAAAAK,2,1394695.0,The Inventor: Out for Blood in Silicon Valley
544,GYi9rkwoX0GiHXgEAAACg,4,967128.0,Limitless
545,GYN4-IQS-58I-wgEAAAH-,7,695306.0,A Different World
546,GYbuuZAZKub68wwEAAANG,7,874655.0,The Adventures of Elmo in Grouchland
547,GYtUdUQtVN3mangEAAAox,5,1927909.0,Eraser: Reborn
548,GYBrk8w7eqcNxrgEAAAAC,7,826043.0,The Batman
549,GXd7gCQH2RLPDfgEAAAV4,5,1483366.0,Final Destination
550,GXdu2TwYW3puAuwEAADaL,7,1291374.0,Batman: Under the Red Hood
551,GXdu2UAPdk6XCPQEAADfC,7,1507556.0,Justice League: War
552,GYQhipAGXQsPCwwEAAAAj,1,1636966.0,Walker
553,GYJ2vqQgGcLm6rwEAAAFo,5,788072.0,SAFE
554,GXJvG1AuLWagjKgEAAADY,4,809175.0,Lottery Ticket
555,GXjtShgoHJ8PDwwEAAAhe,3,805599.0,Two Weeks Notice
556,GYj5ROwWF4MPDwgEAAAAE,5,767965.0,Fantastic Beasts: A Natural History
557,GYDQGeQnT5qajwwEAAAAr,4,4540942.0,Ted
558,GYBNigwS8d4YUkAEAAADi,3,1835611.0,27 Dresses
559,GYUDeywJ3IW-dwgEAAAGd,7,2039675.0,"Batman: The Long Halloween, Part One"
560,GYgfNIQAdYqLDMgEAAAAV,1,812286.0,Blade Runner 2049
561,GX1pL-A4sIcMslAEAAAAy,2,1467907.0,How to With John Wilson
562,GXvzmUAYRyqpNwgEAAAAC,7,1602501.0,Justice League Dark
563,GXmbHWwnoaSLCHAEAABob,3,1202856.0,Sisterhood of the Traveling Pants
564,GYGQJNwOcH4W2XgEAAABg,5,999124.0,Sweeney Todd: The Demon Barber of Fleet Street
565,GYpn_UA8YyZ3DZgEAAAAW,2,853365.0,Belfast
566,GXajjjg560MMcQQEAAAxU,7,630200.0,Clarence
567,GXqxXjAFASIC9JwEAAALh,7,4336523.0,Lovecraft Country
568,GWNFI8w3GYGCGAQEAAACh,2,633973.0,Magic & Bird: A Courtship of Rivals
569,GYHd8Bwor7cPDwwEAAAAD,4,2217538.0,This is 40
570,GYdXloAoyY5C2hwEAAABO,6,488955.0,Backyard Bar Wars
571,GYEaaAgS0AV9_ZwEAAAAC,7,1768462.0,South Side
572,GYGJEsgigDiVQwwEAAACB,4,567775.0,Focus
573,GYaqMmQQ6oMNHsAEAAABg,7,1868782.0,Ron's Gone Wrong
574,GYEabGA1pi19_ZwEAAAAK,2,2181034.0,The Other Two
575,GX3UldQgWghmDbAEAAAKw,4,1647552.0,Menace II Society
576,GWGwjvAwIc2uRmwEAAAAL,4,510060.0,Airheads
577,GXd24ggvmxLPDfgEAAACM,3,1184595.0,The O.C.
578,GXSySgQ5Pe06olAEAAAJr,1,2487022.0,Warrior
579,GYSUuJAZV121AigEAAACE,7,776348.0,12 Years a Slave
580,GX9jvgwxuzglRwgEAAAB2,7,1455612.0,Batman: Hush
581,GYdXhBwCvyG2kEAEAAAAd,2,468582.0,Shaq Life
582,GYPH-2Q7QoLPCQAEAAACI,5,1636626.0,Taken 2
583,GXn0p4gCmPYBKRwEAAAG8,7,1178397.0,The Flintstones (Cartoon)
584,GYiJjSwtAkHG7pQEAAAAH,5,514409.0,Salt (2010)
585,GYGX9Uw0f6Ze6wgEAAABz,5,3214822.0,300: Rise of an Empire
586,GYJxCDACcN8PDewEAAAAG,3,10492024.0,Friends: The Reunion
587,GYfiVfQ6usabDwgEAAABo,7,614484.0,Vlad & Niki
588,GXeldRgFaYLPDfgEAAA8M,4,1196855.0,Lethal Weapon
589,GYhg6wA4drY6lQwEAAAC5,2,579549.0,Traffickers: Inside the Golden Triangle
590,GXrxUzQ5VqrGGtAEAAAAd,2,3722857.0,Love Life
591,GYhfHbgII0qKnnQEAAACz,7,832161.0,Catwoman: Hunted
592,GXcLwaQzxnaNFKwEAAABG,2,722276.0,Real Sports with Bryant Gumbel
593,GXbooCQpETaOqkAEAAArQ,6,898161.0,Loiter Squad
594,GXd7GFQ7zK7PDfgEAAAKE,3,653180.0,The Closer
595,GX5ncFA4n856aoQEAAACb,7,747741.0,My Sesame Street Friends
596,GX07gVQAuw3OVpQEAAAGc,4,1470362.0,Semi-Pro
597,GYdc_pwoCtW6rwgEAAABl,5,818635.0,Escape Plan
598,GYEZmpQPTw8M8sgEAAAAQ,4,1536869.0,The Benchwarmers
599,GYGIiugVrw8MUuAEAAABi,3,429729.0,ER
600,GYPcMIgawIsLCwgEAAACm,7,1031242.0,Sweet Life: Los Angeles
601,GYfnrfQjGNgDDwwEAAAHl,6,506796.0,Whiplash
602,GX07YeQv6q7CttQEAAAF_,5,2008221.0,Green Lantern
603,GYXOcFgpv18JneQEAAAC1,5,859341.0,The Last Airbender
604,GWDWybQibwJ-6wwEAAACR,7,843034.0,Jimmy Neutron Boy Genius
605,GYPrhpAPc62CutQEAAAAT,1,2407998.0,Promising Young Woman
606,GYN49YgzZf8I-wgEAAAH6,5,988707.0,Scary Movie 3
607,GYk4rzA7MeqaxwgEAAAAZ,5,541419.0,Underworld
608,GYGc_BAsC4RemnwEAAAI4,5,835671.0,Transporter 2
609,GXTBqww75Y06olAEAACdn,2,1034540.0,Catherine the Great
610,GYUJo5gGZXiq9hAEAAAAK,2,3742206.0,"What Happened, Brittany Murphy?"
611,GYK0x7gXCza4OwwEAAADl,3,6174285.0,In the Heights
612,GYuBSzwVlQsLDwgEAAAAF,5,829758.0,The Host
613,GXsQHeQ8fdMJrsQEAAABM,7,769755.0,Scooby-Doo and Scrappy-Doo
614,GYKQAkQBpTMNQvAEAAAGF,2,423075.0,Your Pretty Face is Going to Hell
615,GXmBdzQpf3J4_wwEAACjb,7,1549320.0,Teen Titans: The Judas Contract
616,GYbTrRASqjGDCwgEAAAYz,7,590311.0,Zookeeper
617,GYQTzHgM3_4yhwgEAAAAD,3,713603.0,Bridget Jones's Diary
618,GYOia2go061OLNgEAAAW3,3,582708.0,Leap Year
619,GXt_r5AwEa8PCwgEAAAsi,5,2472549.0,Blade
620,GYN9BTgjlCquiBgEAAALt,6,724722.0,The Venture Bros.
621,GYiwASwDqpbqgwwEAAAAD,7,637562.0,The Last Dragon
622,GYm0w6AY16rM7wgEAAADM,1,599690.0,Blue Bayou
623,GXffvkACh_rPDfgEAABRq,5,4739581.0,The Matrix Reloaded
624,GX6A4-QarfMPDUAEAAAAo,1,1470339.0,DC's Stargirl
625,GXaUfiAsG2Z3DGQEAAACi,1,1251126.0,Falling Skies
626,GYK0tTge1WFbCCQEAAAAp,5,516839.0,Battle: Los Angeles
627,GX9q8ZQSTsMIwlQEAAAAF,4,1037100.0,Ocean's Thirteen
628,GX9kxdAcPiglRwgEAAAGW,7,1318393.0,The Death of Superman
629,GX4SJngi5ACeIlgEAAAAS,6,2276613.0,Chappelle's Show
630,GXdu2RA5fw8PCwwEAADWS,5,1311014.0,Catwoman
631,GYDbfcQGssU-dEAEAAAAI,5,1794908.0,Inception
632,GYjS1cwBIWZ5RwwEAAAAP,4,703590.0,Rambo First Blood Part II
633,GXmF6WQi3Vp4_wwEAAClz,5,639467.0,Deep Blue Sea
634,GWv7yvAGvXCm-lwEAAAE-,2,1724421.0,Sharp Objects
635,GYv63ZA80nMPCDwEAAAAD,6,604742.0,Planet Earth
636,GXdu2UAKgxMPCwwEAADWh,5,2335075.0,Freddy vs. Jason
637,GYS5j3Ay2W59TwgEAAABj,6,920542.0,Tokyo Revengers
638,GX9q59w5WuK3DYQEAAAEX,4,1142901.0,Ocean's Twelve
639,GYGYDfAMZDYi0wgEAAACk,6,2051641.0,The Prince
640,GXvyhuwpA7JpiwwEAAAEY,7,1262094.0,Batman: Bad Blood
641,GXfGGmgzDUsJ_LwEAAAIz,2,2605336.0,Avenue 5
642,GXmbFDQB8YTC3wwEAACzH,6,609574.0,The Butterfly Effect
643,GXeleNwKW27PDfgEAAA8Q,5,2142344.0,Watchmen
644,GXSybgAKqor29bAEAAAT3,1,1082078.0,Dragged Across Concrete
645,GYSU-3gGn1YO0wgEAAAAY,5,820212.0,Insidious
646,GYgOAsQt98a_CwwEAAAAF,1,851540.0,The Captive
647,GYGtWoAJ3FbPDUQEAAAGO,5,714504.0,King Kong
648,GXdho3QhnzpuAuwEAADWX,5,281970.0,King Kong
649,GYXsJoACzdwRjowEAAAAI,4,611027.0,Man of the House
650,GX5NuQA00BJ2ywgEAAAEA,5,730290.0,Outbreak
651,GWSL-dAiEsBqGggEAAABs,3,989059.0,Thirteen
652,GYscldgW690qupQEAAAJN,1,1098651.0,Under the Skin
653,GYf3w_AbveMMNwgEAAAGG,1,,Under the Skin
654,GYR0EgA4Fi4jDwgEAAAZ9,5,476212.0,Resident Evil
655,GXcnZJAT1q6XCPQEAAALH,6,818132.0,Metalocalypse
656,GXeOM0wnXOrPDfgEAAAWb,7,1112208.0,Son of Batman
657,GX8mEpQ2hJay7FgEAAACL,7,689870.0,Purple Rain
658,GYJGZuA3kp7HCwwEAAAA1,3,553433.0,Rizzoli & Isles
659,GYjS1JgUjMqyYvgEAAAAE,6,881754.0,Borat: Cultural Learnings of America
660,GYKwvSgjDcZfDwwEAAACO,7,496592.0,Scooby-Doo and Guess Who?
661,GYfrOBgwJAcJ8wwEAAAAC,2,573134.0,Icahn: The Restless Billionaire
662,GXehGXQ6XvUytlAEAAARB,5,1039926.0,Final Destination 2
663,GWIecCwfttbeZjQEAAACp,4,484984.0,Down Periscope
664,GWd-FgQj0mMNcawEAAAAb,5,712238.0,Daredevil
665,GYWphSgA3KEW4GAEAAACZ,7,820577.0,Batman: Soul of the Dragon
666,GYTvIWAGesQdewgEAAALF,5,425818.0,Evolution
667,GYsiSJwmObcLCwgEAAAWk,5,,Evolution
668,GVU2miAY8nlFvjSoJAUor,2,921474.0,John Adams
669,GYAcfKQrV88IyQgEAAAHt,1,590699.0,Person of Interest
670,GYbkACAXzIpyTwwEAAAHS,3,,Music Box: Juice WRLD: Into the Abyss
671,GYY6rcgVUxcLDwgEAAAAI,3,1570124.0,Music Box: Juice WRLD: Into the Abyss
672,GYnv4ygWtS1itRwEAAANQ,3,527049.0,Menudo: Forever Young
673,GYINi5guXcp2TjQEAAAVI,1,1021682.0,Kung Fu
674,GVU2cPwY101FvjSoJATyo,2,959149.0,Oz
675,GYgQ3fg5VacMiZgEAAAAF,2,706204.0,Drive My Car
676,GXv4JcgUpMZpiwwEAAALd,3,697683.0,The First Wives Club
677,GXnJ9_wWT34CgwwEAAADK,7,959475.0,Foster's Home for Imaginary Friends
678,GXehLSwSYf7PDfgEAAAuQ,4,1278503.0,National Lampoon's Vacation
679,GYGQHcghdiIjDXAEAAAHA,4,1142611.0,Project X
680,GXdu2RA5_AaXCPQEAADeb,7,1223035.0,Justice League: Doom
681,GYUDeywQdBm-dwgEAAAGe,7,1383285.0,"Batman: The Long Halloween, Part Two"
682,GXXAcxwJukqnCVgEAAAEG,5,2514368.0,Watchmen
683,GXdu2RQGWOMPCwwEAADWU,7,1305636.0,Justice League: Throne of Atlantis
684,GXrGR8gCbgSZGXgEAAABM,1,882839.0,Nancy Drew
685,GYbI_uAQBXoajwwEAAAA7,5,766205.0,The Book of Eli
686,GYPH_AgJ2JcMloQEAAACd,5,1129064.0,Cloverfield
687,GYfhB8wTbxsPCBQEAAACO,4,454386.0,Boyz n the Hood
688,GYK0ohgaQ93XCMAEAAAAR,7,728295.0,Tyler Perry’s Why Did I Get Married Too?
689,GXrGPIQzIqSZGXgEAAAAh,6,1115174.0,The Secret World of Arrietty
690,GYn2nuAwrHUumXQEAAARC,4,751793.0,Gridiron Gang
691,GYLjZXwTz-cMeugEAAAC9,4,662267.0,Bad Words
692,GX68GDw1CD8LDJwEAAAAG,3,4045253.0,The King of Staten Island
693,GXdu2UAdZUKXCPQEAADfG,5,1235378.0,Austin Powers: The Spy Who Shagged Me
694,GYFn7Kw1yIYW8wwEAAAAH,1,582697.0,Brothers by Blood
695,GYpYLDAhy4p5xwgEAAAAD,4,721805.0,Act of Valor
696,GXdu2UQBElaXCPQEAADfM,7,1294342.0,Batman: The Dark Knight Returns - Part 1
697,GYKfLzwH7c4uLZQEAAAAF,5,2494135.0,The Empty Man
698,GX-IlSAY7Cp5fKwEAAAB7,7,1238234.0,Reign of the Supermen
699,GWZsLWgrEGKKDKwEAAAA7,7,673291.0,Spy Kids
700,GYO2jXgZ_eVOLNgEAAAgF,5,,Friday the 13th
701,GXd26gwO99sPCwwEAADcZ,5,2493627.0,Friday the 13th
702,GXdu2SQFMAaXCPQEAADek,4,758540.0,The Fugitive
703,GYa5p8QrYuVcRswEAAAAV,6,989455.0,Wipeout
704,GYWxDhwnBaBG_cgEAAAG0,4,618075.0,Days of Thunder
705,GYme2xwHi0sM0gQEAAAAC,3,400034.0,The Holiday
706,GYM07SwiuO5PCQAEAAAA7,3,698748.0,The Birdcage
707,GXdu2Twm0MaXCPQEAADe0,7,1032043.0,Batman vs. Robin
708,GXr6_vAd6t5GXWQEAAAKz,4,1414457.0,From Dusk Till Dawn
709,GYgP3NwPX5oxvjwEAAAAC,4,606205.0,The Lincoln Lawyer
710,GYebhPwuJFUe_IgEAABv9,5,387422.0,The Master of Disguise
711,GYfPcIwy0fXFPmQEAAAA2,5,,The Master of Disguise
712,GYoQ2OQ1_UaCDigEAAAGq,4,644145.0,Overboard
713,GXdu2TwxqEaXCPQEAADe2,7,1610658.0,Batman Returns
714,GVU2g4AhF347DwvwIAURT,1,1313217.0,The Leftovers
715,GYebd9A21d68hgAEAAAO9,7,495951.0,Good Deeds
716,GYr0F2Qb8-baDrQEAAAJ6,1,759240.0,Room
717,GV0SzrAzOp5eatgEAAAAj,7,805113.0,Mighty Morphin Power Rangers: The Movie
718,GXeOM3Q3vLpuAuwEAADwn,7,1317342.0,Batman: Assault on Arkham
719,GXdu2Xgfa05uAuwEAADa2,3,1153947.0,When Harry Met Sally
720,GYGd7SQOMgMPDFgEAAAA2,7,651131.0,Scooby-Doo! Camp Scare
721,GYTqmVAzWYFS6cAEAAAC9,5,723183.0,XXX
722,GXt_piwUrsJuSkwEAAAml,5,1169360.0,Unforgiven
723,GYf2TNwuDg5OMwgEAAAAS,5,647726.0,The Fog
724,GXup_aQMBwgq_tgEAAAGp,2,492663.0,Joe Pera Talks With You
725,GYDVmsQSP26GLlAEAAAAt,5,4647960.0,The New Mutants
726,GYY1D7wpRJI3CwgEAAAAt,5,839522.0,The Faculty
727,GW6PBwQ2egsPDSgEAAAEB,7,670699.0,Paddington 2
728,GXufwFQjcx8PCwgEAAA95,7,821819.0,Over the Garden Wall
729,GYSVMEwEGQsM3gAEAAAAE,7,,Teenage Mutant Ninja Turtles
730,GXdu2ZASzaJuAuwEAADa7,7,1513112.0,Teenage Mutant Ninja Turtles
731,GYA7uMgo_tkHDwwEAAAAE,7,592086.0,Batman: The Brave and the Bold
732,GYpkcVgDPXJ_DwgEAAAAK,7,482578.0,Bugs Bunny Builders
733,GYVt_MQGh14BNhAEAAAAS,4,716952.0,Waiting…
734,GVU2dJQ6anI7DwvwIAT-a,2,757943.0,The Newsroom
735,GYPIA7Q3VqcMloQEAAAC9,5,800916.0,Nanny McPhee
736,GYebhQAerZbeZGAEAABlO,5,451005.0,2:22
737,GYYAx9wyT8sMpLgEAAAAC,7,993090.0,Mortal Kombat Legends: Battle of the Realms
738,GXORIewmyhYDCwgEAAABl,7,690572.0,Bringing Down the House
739,GVU2buQZYqY7DwvwIAT3Y,2,816568.0,Hung
740,GX9uU9AwB_sILwgEAAAGu,7,2088913.0,Batman: Death in the Family
741,GYGNQawXre1PDwgEAAAAC,4,1247747.0,42
742,GYPW0-A4V68MloQEAAAEX,5,698724.0,Little Nicky
743,GYPXEhQg3DFbCwwEAAADm,4,3172288.0,News of the World
744,GYM0_fwCELZ6MwwEAAAAL,7,866343.0,Epic
745,GXmf4DA8Y5iLCHAEAABwK,7,2599871.0,Happy Feet
746,GXJvHGgUz5IG6gAEAAAFS,3,612007.0,The Stepford Wives
747,GXmfmXAupMSLCHAEAABvs,3,734849.0,The Sisterhood of the Traveling Pants 2
748,GYM0_cgm1X5y4wgEAAABG,3,1425680.0,Magic Mike XXL
749,GYvWC_QIwmK3CwwEAAALq,1,753817.0,Tom Swift
750,GWo76aAVu6JpWqgEAAANC,4,996402.0,The Italian Job
751,GYLAFWwLOHJKRSAEAAACT,1,505899.0,Body Brokers
752,GYPByzgYje6uLKAEAAAAI,7,856776.0,The Hype
753,GYJnGmQy-uqyBmgEAAAAZ,4,3372051.0,The Campaign
754,GYPnW_g1iBRtyswEAAABM,7,675389.0,Furry Friends Forever: Elmo Gets a Puppy
755,GXdu2TwV8XaXCPQEAADev,5,11947580.0,Elf
756,GV-BPaQSKT8JMwwEAAACP,4,1159903.0,How to Be Single
757,GYM09_wI0UYahwwEAAABN,5,1242912.0,28 Weeks Later
758,GYRsFEQHTQ7iVuQEAAANV,5,614251.0,Zoom
759,GWGwlTQs5NJyXCQEAAABY,4,879150.0,Just Married
760,GYMpBTACS-a00qQEAAAAQ,4,,Just Married
761,GYa6JsAJ83sJ6rAEAAABB,4,568600.0,The Untouchables
762,GXwOYEAypSMMxPQEAAAAD,7,1045661.0,House Party
763,GYWc0ugB7BZSJlgEAAAEE,2,1308355.0,Hard Knocks In Season: The Indianapolis Colts
764,GYFn7uQKwVYW8wwEAAAAL,4,658997.0,Employee of the Month
765,GXRZd8AUueK5TwgEAAAKq,2,2045655.0,The Shop: Uninterrupted
766,GYRtxUwvf1zdFwwEAAAZ4,5,857130.0,Super 8
767,GWqvX7wxdtyl0YAEAAAFv,4,2370543.0,Dunkirk
768,GX0aOXAiLMxTCwwEAAANL,2,5059573.0,The Undoing
769,GXdu2Vgv09KXCPQEAADfZ,4,736647.0,Lethal Weapon 2
770,GX5A8JQnSPQ2QFgEAAAAC,5,7069875.0,Roald Dahl’s The Witches
771,GXySNGwlni8J6pQEAAAfs,6,532076.0,Moral Orel
772,GYfdFywJBJ4m1eAEAAABc,4,561125.0,Sleeping With The Enemy
773,GYmxRpAtb2sPDwgEAAAC3,3,719166.0,Magic Mike
774,GV7tzLgeWEoORngEAAACT,5,1439992.0,28 Days Later
775,GYfikyAX65rM_mgEAAACx,5,400645.0,The Omen
776,GYnQlhA1QVjEvfwEAAAK7,5,764209.0,Escape Plan 2
777,GYgqTOQuWtlpXwgEAAAcH,5,534025.0,Big Game
778,GYoQ45Qx9X4ZVSgEAAAET,6,644438.0,Little Miss Sunshine
779,GYH8W5wtYpsPDwgEAAAAC,1,8572516.0,Those Who Wish Me Dead
780,GYXhZlwhBpMI_wwEAAAfU,2,2035868.0,Landscapers
781,GX07YoQsXl4aMwgEAAAFj,7,895751.0,The Color Purple
782,GYYQM9QcjRj-OcQEAAAEn,5,618957.0,Max Steel
783,GYJ6ctgFtgsJnLQEAAAM_,6,608009.0,The Incredible Burt Wonderstone
784,GXdu2SAeB7puAuwEAADZ8,5,922868.0,Final Destination 3
785,GW09wqw58HsPDDgEAAADj,5,1313822.0,The Scorpion King
786,GXrHEfQegZY-qmgEAAADp,6,1211129.0,Castle in the Sky
787,GYIyTcQPjNhCqwgEAAAAe,4,571627.0,"You, Me and Dupree"
788,GXdu2TwR968PCwwEAADWb,5,2650239.0,Gremlins
789,GYtC3iQOnSVCRsAEAAAAC,7,784832.0,DC Showcase Shorts: Constantine - The House of Mystery
790,GYVuAFwp9CcNwYgEAAABE,2,563424.0,The Queen
791,GYwb7bAZrzgXCwgEAAAeX,4,1792802.0,Let's Be Cops
792,GYfmB_QZIFrusCAEAAAAY,4,393862.0,Just Friends
793,GXnvh5wHKZBtjhQEAAARV,7,745880.0,The Marvelous Misadventures of Flapjack
794,GXbHrSAgxDoNiYAEAAAbh,5,1271001.0,Contagion
795,GYAcWjwZC0cIyQgEAAAAy,3,521126.0,The New Adventures of Old Christine
796,GWSMCgA0RkoqXwgEAAACA,5,510119.0,The Blair Witch Project
797,GX9jvhABhtglRwgEAAAB7,7,1355533.0,Constantine: City of Demons
798,GYEZmpgnTi7CgYgEAAAAV,5,1126007.0,Final Destination 5
799,GXlRywwNdhzC3wwEAABOx,7,889824.0,The Jetsons
800,GX0_KAgpf77CttQEAAAJc,4,1593913.0,Se7en
801,GYKabGAV4LqS1oAEAAABb,1,3215938.0,Let Him Go
802,GXGWMpwEZF62uAwEAAAAM,2,780662.0,The Case Against Adnan Syed
803,GYr0GqwyOz5yTjQEAAAAf,3,730014.0,The Fault in Our Stars
804,GVU2cbQuR-1FvjSoJATzx,2,798268.0,Six Feet Under
805,GYscW1AsGGkJvwgEAAAAC,1,826560.0,Mississippi Grind
806,GYnJEnAwSGIqCwgEAAAAS,1,664325.0,Visitors
807,GX0P9SwLUP4vDIQEAAAAe,2,2888104.0,Class Action Park
808,GYXWDUwSMSb3CMAEAAAFB,5,357591.0,Underworld Awakening
809,GXdu2ZAgdEMPCwwEAADXH,5,3442309.0,The Matrix Revolutions
810,GX_dBIw6UfcLCRAEAAAAC,5,1485585.0,Stephen King's It
811,GYLezlwqHdQJ-jQEAAAOS,6,825973.0,Reservoir Dogs
812,GYWpiCgMRph-wogEAAACo,5,408136.0,Charlie's Angels
813,GYF4dpAxh_sLCOQEAAAPS,5,,Charlie's Angels
814,GXboXTwerO6OqkAEAAAhq,7,681668.0,Ben 10: Alien Force
815,GYOia7gvgEmqcpgEAAAAW,1,436867.0,Gangster Squad
816,GYZ1sOQOynpFErQEAAAAC,2,1345443.0,The Murders at Starved Rock
817,GWv8nMAXkHzWlqwEAAAEM,1,626232.0,The Snowman
818,GYkHOBgL5O4CUwgEAAAAH,4,583634.0,Killers
819,GYPIAVwQo7MMloQEAAAC3,7,682190.0,Waiting to Exhale
820,GXBkSKQYrrFa1lwEAAAP2,5,472560.0,Buried
821,GXdhgdgRUDJuAuwEAADWC,4,1023186.0,Gone with the Wind
822,GYEZp7wv3PFNciwEAAAAZ,4,1534189.0,The Town
823,GYkyJeQh66sLDwwEAAAEn,5,324021.0,Underworld: Rise of the Lycans
824,GXdu2RQx1ipuAuwEAADZ6,7,1360723.0,Batman & Robin
825,GX72QuwdZ0yGqwgEAAAY4,2,2295762.0,Heaven's Gate: The Cult of Cults
826,GXrGVHA7FCLfDNQEAAAC8,6,812103.0,The Cat Returns
827,GWSL-BAzenRqGggEAAABR,7,657004.0,Soul Food
828,GXtmBXQ6ITMPCwgEAAAWe,5,747967.0,Lara Croft: Tomb Raider
829,GW5-qbA3XX7WSWQEAAAGU,2,528854.0,Queen of the World
830,GXSycfgtb8k6olAEAAA7_,5,322786.0,Resident Evil: Apocalypse
831,GXdu2UAA5zMPCwwEAADWg,7,1260582.0,Batman Forever
832,GX8VicwIYG8LCNwEAAAFT,2,731519.0,Check It Out! With Dr. Steve Brule
833,GXxWbrQ5gmZpiwwEAAAkN,4,2193304.0,8 Mile
834,GXt6YvwBFy8PCwgEAAAoi,5,1315840.0,Blade II
835,GYebTtARJAcI4NQEAAAM7,1,495599.0,After the Sunset
836,GYKRSWAm0EZPCwwEAAADv,1,896828.0,Just Mercy
837,GXxcJRAyVPMNqwwEAAAAL,1,695273.0,Just Mercy
838,GYJ59Qgz_W56uswEAAALC,4,536940.0,Trouble With the Curve
839,GXBkP0wqeukS7iQEAAAI4,4,1081742.0,Collateral
840,GXjtShwFsq47CZgEAABBq,3,1168877.0,Hairspray
841,GYr4Mfgw8l8J-lwEAAAAC,1,723260.0,Wolf
842,GYEEGBAUseGoDLQEAAAAC,7,609003.0,Superman: The Animated Series
843,GYoajpQ25IIjCwgEAAAAM,3,326051.0,Sleepless in Seattle
844,GXsUzqAHp-UCxkQEAAAAa,3,1305590.0,You've Got Mail
845,GV7tzhwDxUMPDWwEAAABm,4,578320.0,Romancing the Stone
846,GYnw6PgH4rIixlgEAAAAC,2,439232.0,Julia
847,GYdu9fgvBMG6rwgEAAAGf,3,339148.0,Bridget Jones: The Edge of Reason
848,GVzYgswXBCJWhkAEAAAD_,3,470128.0,My Life in Ruins
849,GX-y3ZgaJBMI1TwEAAAAJ,5,1250122.0,Poltergeist
850,GYNECZgdlJrKSpgEAAABh,5,568567.0,War
851,GYWgsZw8FNhmKiwEAAABn,5,361342.0,Domino
852,GYffFEQSbGoDDTAEAAABB,5,168533.0,Domino
853,GYddBzgGNdQPCwgEAAABu,4,430017.0,Double Jeopardy
854,GYCF3-AxmF7-0pAEAAAAR,4,859704.0,Valentines Day
855,GXyMkLAvVQo6vcwEAAAO6,7,627206.0,Black Dynamite
856,GYehsxwYHGbgiGgEAAAAC,5,342943.0,Unlocked
857,GYmkICABdspzCwgEAAAAI,3,,Spring Awakening: Those You've Known
858,GYlBRpQSlXox_gAEAAAAw,3,343129.0,Spring Awakening: Those You've Known
859,GX3Tifw4gsyjDDgEAAAHE,6,841241.0,The God of High School
860,GYfmomgLdvsPCwwEAAAKe,3,600895.0,Atonement
861,GYN9QKg7JioQmqAEAAAAE,5,506405.0,xXx: State of the Union
862,GYdeRFQy2mcNNwwEAAAAT,4,340363.0,City Slickers
863,GYjS1XAAO4MPCwgEAAABL,4,495199.0,Rambo III
864,GYbs1uAhXzxeqrwEAAALx,4,601898.0,The New Guy
865,GYOia0An1zFOLNgEAAAWz,4,593241.0,Admission
866,GYfl7pQ2HhcPCBQEAAAFr,2,611224.0,The Thaw
867,GYOwrVASFEQaPjwEAAAAC,2,,Tiger
868,GX_NAWQtssKHDwwEAAAAL,2,2962538.0,Tiger
869,GWSMB8gBEfBqGggEAAACA,3,537619.0,What Women Want
870,GYZ9MrgqYWBq0wwEAAAAF,5,1715190.0,Harry Potter: Hogwarts Tournament of Houses
871,GYmFp9ATv1JSBmwEAAACW,2,555949.0,Navalny
872,GYiYYNAnpzcLDwgEAAAFI,2,392153.0,When We Were Bullies
873,GYtrYcQqGpUqupQEAAAp5,7,426129.0,Katrina Babies
874,GXLotgQNKy7SHgAEAAAJw,2,636420.0,Los Espookys
875,GWt98Rwq2Q7C7nAEAAAAa,5,1748975.0,Fahrenheit 451
876,GYjOW6A4EQkmkjAEAAAAD,4,395600.0,Guess Who
877,GX7_dBQJHuaipuAEAAAAE,2,2503630.0,Let Them All Talk
878,GVgAkCwqvcoOzkt8IAAAC,2,433839.0,Kareem: Minority Of One
879,GYKRNVQzMQDZxYQEAAABX,4,329466.0,Ghosts of Girlfriends Past
880,GXtqz7QCD4MPCwgEAAAan,7,798765.0,New Looney Tunes
881,GXajjjg4yklOfqwEAAAjT,7,515842.0,Apple & Onion
882,GX9qfngPiPK3DYQEAAADC,6,1368621.0,Life of Pi
883,GYgqJBAq6cMNevAEAAABP,5,433793.0,The Assignment
884,GXfAhgwnrW8J_LwEAAAHS,2,728059.0,Who Killed Garrett Phillips?
885,GYshbYwZuM8LCwgEAAAV5,3,571941.0,The Spectacular Now
886,GYagpBgLdl8PDwgEAAAAs,5,913574.0,Zombieland
887,GYi9QDAYw36vDwwEAAAB6,5,320642.0,Erased
888,GYA8U1AgYHbrDwgEAAABM,3,689888.0,What I Like About You
889,GYkHO4wh0Ea24wgEAAALn,7,626917.0,The Rugrats Movie
890,GYGM9oAgwhazCwgEAAACX,4,1008261.0,Caddyshack
891,GVU25dApblo7DwvwIAWFD,4,640237.0,Generation Kill
892,GYw4CYwzBT4i8LgEAAAAC,2,512518.0,Escape From Kabul
893,GYBxy6AZwz8MDkwEAAAAK,4,1199472.0,The Bourne Legacy
894,GYbzJbQqVUbepjgEAAAAi,5,392722.0,The Exorcism Of Emily Rose
895,GYAdflwB3q8LDDgEAAAAC,1,584905.0,Babylon 5
896,GYVt-rgjCUsMrZgEAAADj,4,861788.0,Inside Man
897,GXdu2TwrCwZuAuwEAADaR,7,875071.0,Batman: The Dark Knight Returns - Part 2
898,GXyIOMgXkX528vgEAAAJF,4,1097360.0,The Bodyguard
899,GXrHrgQ1uSImBSgEAAABR,5,1727566.0,The Losers
900,GXdu2Vg1tw5uAuwEAADat,4,590991.0,Lethal Weapon 3
901,GYHFJXwGB1pCDVQEAAAEb,1,486662.0,Life of Crime
902,GYi9TYAF1WoGimwEAAABi,5,385213.0,The Raid: Redemption
903,GYLe9dQCxrMIJwgEAAAPi,7,478987.0,Tyler Perry's Daddy's Little Girls
904,GXORIhQilXsLDwgEAAAT4,1,451609.0,Thoroughbreds
905,GYSVYzwVxyKvDwgEAAAAg,7,329512.0,"Be Cool, Scooby-Doo!"
906,GWIe9ngfRdbeZjQEAAADH,2,820945.0,Mommy Dead and Dearest
907,GYK0ohgaan1bCCQEAAAAD,7,540390.0,Tyler Perry’s I Can Do Bad All by Myself
908,GYVt7vwXd7XrCwwEAAAAe,3,396435.0,Moonstruck
909,GYRU8EQMkiJwkkgEAAAAO,7,310096.0,The Ant Bully
910,GYuHGcw6H6sM6rwEAAAAC,2,377491.0,Good Behavior
911,GXJviOAyk84G6gAEAAAIV,1,1008667.0,Deadwood: The Movie
912,GXdu2RQA0bMPCwwEAADWT,7,910041.0,Justice League: Crisis on Two Earths
913,GXc2aIw5CyqXCPQEAAAjl,6,456738.0,Impractical Jokers: Inside Jokes
914,GXbHqGgyJlXepwwEAAAYZ,5,579195.0,The Ruins
915,GXrHntwFQ8YmBSgEAAAAC,3,458984.0,A Cinderella Story: Once Upon a Song
916,GYou-DwBAo6SLwwEAAAAL,4,696754.0,Lord of War
917,GX9j09ALOCAlRwgEAAACg,7,872972.0,Justice League vs. the Fatal Five
918,GYh6iewdUGpWzZgEAAAKc,5,425689.0,"House of 1,000 Corpses"
919,GXy2iyAmblwLCOAEAAAZW,2,1624216.0,Awkwafina Is Nora From Queens
920,GYofedwDFhTqZiwEAAACJ,3,298736.0,Fools Rush In
921,GXwNt5w5A4LnDHQEAAAPX,4,1359494.0,Fool's Gold
922,GXnuAOgOxp4CgwwEAAA0l,7,671633.0,Regular Show: The Movie
923,GYDkuOwfbWMLCwwEAAAAl,3,554747.0,What a Girl Wants
924,GXt504QBYPZuSkwEAAAhg,4,759937.0,Grumpy Old Men
925,GYsckDQ5AmsNewgEAAAL6,5,550696.0,The Spiderwick Chronicles
926,GXSyb8gK2Qk6olAEAAAZB,5,383747.0,Red Eye
927,GX5nrOA5jvaV2wgEAAABT,2,507888.0,Southland
928,GYh1MIA1UEkeawgEAAABg,2,324584.0,Game Theory With Bomani Jones
929,GX-zqnAVh8cNvuwEAAAAQ,5,1336643.0,Little Shop of Horrors
930,GXdu2UQAP-qXCPQEAADfL,4,1067045.0,Casablanca
931,GYnGejwfB0JN_YgEAAAA2,4,508125.0,Total Recall
932,GYoRtBwrsi47DaAEAAAAC,4,,Total Recall
933,GWPUe_AuML52-hAEAAAAJ,4,1656039.0,Speed
934,GYiDXlgDabmOwaQEAAAAE,6,523110.0,The Secret Life of Walter Mitty
935,GYgHZ2wQpksI0GwEAAAFW,6,,The Secret Life of Walter Mitty
936,GYK6A0wdFMsMdJgEAAAAJ,2,2106880.0,100 Foot Wave
937,GVU3sjgFH1lFvjSoJAZbZ,2,974564.0,The Cheshire Murders
938,GXelwfAJJ2kytlAEAAAfk,5,785299.0,The Final Destination
939,GYh6hRAW9jIyeHgEAAAAC,5,419645.0,The Devil's Rejects
940,GYddCPAUUP26rwgEAAACC,5,482615.0,The Uninvited
941,GYF5LGArS1MPDwgEAAABj,4,520265.0,Warrior
942,GYbQBKgXS6L6udwEAAAVE,2,465408.0,Ambient Swim
943,GYYl1Xggu04cswgEAAAD9,5,660160.0,The Haunting in Connecticut
944,GW0-RIgoFi8PDDgEAAAEG,5,521618.0,The Core
945,GYiwAhwRSjLqgwwEAAAAG,4,601280.0,Balls Out: Gary the Tennis Coach
946,GYbvp6wbgHawYwwEAAAAR,5,444028.0,Ultraviolet
947,GXdXnowtVHaXCPQEAACIq,3,469351.0,Major Crimes
948,GYgQ5LQd1QYbDwwEAAAAd,5,301154.0,Starship Troopers
949,GYILOGQCngUCCrwEAAAAC,7,603117.0,Scooby-Doo! & Batman: The Brave & the Bold
950,GWguMbQmyTa3CwgEAAAEW,5,429774.0,12 Rounds
951,GXtleOQWhRcPCwgEAAAU7,5,1175107.0,Blade: Trinity
952,GYGd7MAOfr8PDFgEAAAAs,7,518142.0,Scooby-Doo! Curse of the Lake Monster
953,GX23urwuo4MNYwwEAAAPq,2,1013263.0,A World of Calm
954,GYkborAsQ_MPCwgEAAAAj,1,427702.0,A Most Violent Year
955,GYC6ZiwvKE8LCMQEAAAAG,4,858817.0,The Green Mile
956,GYkHO9w510YNYlwEAAAAo,7,494596.0,Rugrats In Paris: The Movie
957,GYR0XEAt6Q4jDwgEAAAbB,2,2199349.0,Scenes From a Marriage
958,GWOKOpgIP3qKJvAEAAAHh,5,520735.0,Frank Miller's Sin City
959,GXxYYzwyJmrnDHQEAAAsm,6,752853.0,Mob Psycho 100
960,GYd3V0wmm2rcxwgEAAAAC,5,366941.0,Monsters
961,GYWgsPwrEl37DwgEAAAB2,1,718942.0,Runner Runner
962,GYRVK5Q2yAGGsngEAAAEY,2,967385.0,"Music Box: Woodstock 99: Peace, Love, and Rage"
963,GYpAECwsBnEeuFgEAAADK,7,442326.0,Boomerang
964,GYw4y-Ax80BbDwwEAAAhs,2,481299.0,Hostages
965,GYJGWzgkZHQahBAEAAAAC,3,474587.0,Without a Trace
966,GYMzEGg049ruJvQEAAAAW,1,4724205.0,No Sudden Move
967,GYGd7MAnjl8PDFgEAAAAv,7,489985.0,Scooby-Doo! Pirates Ahoy
968,GX9jyGQI8ZwlRwgEAAACB,7,1213714.0,Batman Ninja
969,GYQk1_Av2PbCPhwEAAACa,2,351522.0,Borg vs. McEnroe
970,GXeOMygasxJuAuwEAADwS,7,964019.0,Superman/Batman: Apocalypse
971,GYA8XCAO_l8LDcgEAAAHu,7,1823751.0,DC Showcase: Superman/Shazam!: The Return of Black Adam
972,GXelcGQ2IX0ytlAEAAAep,4,679783.0,Gran Torino
973,GWoSS_AB0jsLCNAEAAACp,5,591477.0,From Hell
974,GWguNJQ7h9q3CwgEAAAFJ,5,335990.0,Street Fighter: The Legend of Chun-Li
975,GYd4EPQ5paW-jkwEAAAar,5,315064.0,Splinter
976,GYiDY3Q2L8qsZQgEAAAC3,3,712047.0,William Shakespeare's Romeo + Juliet
977,GYiDXAQbN4sPCwwEAAACX,4,460796.0,The Heartbreak Kid
978,GYJqWgg0ZD780ngEAAAAj,4,1420952.0,Disturbia
979,GXemTawZSbkytlAEAAAgd,4,794401.0,National Lampoon's European Vacation
980,GXt53sgIkGsPCwgEAAAnr,7,1157408.0,Suicide Squad: Hell to Pay
981,GWNkfFAFKMWCGAQEAAAEw,2,1020259.0,The Wizard of Lies
982,GYBxXgQhiVZOnngEAAABj,7,788759.0,Static Shock
983,GYBNhzQ2I76sjwwEAAACt,5,601310.0,Machine Gun Preacher
984,GYbvoKAZypcPCwwEAAAMo,4,320387.0,Fired Up!
985,GYQBEaQwta8PCAAEAAAA-,5,6973095.0,Reminiscence
986,GYEZmsANzIMJmwgEAAAAP,5,552690.0,Pale Rider
987,GXsVHyQMqAECxkQEAAABb,3,398523.0,Bridget Jones’s Baby
988,GXehIAg0t-8PCwwEAAEH7,4,549984.0,Lethal Weapon 4
989,GVU2fVwUV4FFvjSoJAUAV,2,529101.0,Flight of the Conchords
990,GYQFuVQ5DVYtgwwEAAABz,5,410009.0,Don't Be Afraid of the Dark
991,GXwyDDA6FcsPDwgEAAAYu,5,594196.0,Inheritance
992,GYh6g_gF7bEfDIgEAAAAT,5,376821.0,Hostel
993,GXzPzfwbR3IiCwgEAAAAS,2,2928749.0,The Vow
994,GYfxGZQr2KWaIwgEAAAAV,4,698869.0,Law Abiding Citizen
995,GV7xdTgGw6MPDWwEAAABG,2,807618.0,Divorce
996,GV7tzEQnWKYORngEAAACL,5,375687.0,An American Haunting
